Search_ID,Date_Time,Start_Home,Start_Work,End_Home,End_Work,User_ID,Start_Income,Start_Density,Start_Zip,End_Income,End_Density,End_Zip,Start_SLC,unix_time,random
157637,2/29/16 20:08,1,-1,0,-1,349668,69223,9993,94132,83407,17465,94116,66,1456805280,0.025106727
262678,4/13/16 16:02,0,0,0,1,572539,76952,30278,94115,48750,2719,94104,82,1460592120,0.034210267
208564,3/21/16 14:47,0,0,0,1,456658,48750,2719,94104,114439,15546,94107,88,1458600420,0.042557831
138140,2/22/16 0:58,0,0,1,0,308798,35427,50764,94108,82857,20675,94118,100,1456131480,0.053547913
207359,3/20/16 19:12,1,0,0,1,454202,94479,24633,94117,112650,24005,94123,76,1458529920,0.053718524
181521,3/10/16 2:44,0,0,1,0,400714,43364,17630,94103,43364,17630,94103,84,1457606640,0.062303419
218497,3/25/16 3:41,0,-1,1,-1,478204,76952,30278,94115,112650,24005,94123,77,1458906060,0.078030325
179653,3/9/16 15:52,-1,-1,-1,-1,395997,60722,46737,94109,50485,37044,94133,83,1457567520,0.084108703
140493,2/23/16 0:06,0,0,1,0,313492,71625,24592,94112,35427,50764,94108,62,1456214760,0.110405832
142162,2/23/16 15:32,0,0,0,0,316815,131351,11057,94127,96889,12939,94131,59,1456270320,0.142460288
158025,2/29/16 23:52,0,0,0,1,350429,69223,9993,94132,76952,30278,94115,75,1456818720,0.144364816
128521,2/18/16 16:32,1,0,0,1,290635,69076,7780,94501,48750,2719,94104,54,1455841920,0.145014252
180297,3/9/16 19:29,1,0,0,1,398205,50146,7167,94124,82195,7938,94158,73,1457580540,0.147222314
280300,4/21/16 3:13,-1,-1,-1,-1,611853,94479,24633,94117,114689,22028,94114,76,1461237180,0.16621877
180090,3/9/16 17:21,1,0,0,0,396280,81768,24269,94122,48750,2719,94104,57,1457572860,0.168426821
192482,3/14/16 23:01,0,0,0,0,423425,26054,16226,94612,82857,20675,94118,84,1458025260,0.216251751
178874,3/9/16 3:40,0,0,0,0,394958,22517,38579,94102,114689,22028,94114,91,1457523600,0.222781359
194483,3/15/16 15:57,0,0,0,1,427714,22517,38579,94102,82195,7938,94158,82,1458086220,0.235722095
258881,4/12/16 1:31,0,0,1,0,564124,69223,9993,94132,81768,24269,94122,66,1460453460,0.28739844
243497,4/5/16 18:55,0,0,0,0,531552,82111,31018,94110,82857,20675,94118,75,1459911300,0.292461493
256578,4/11/16 15:17,1,0,0,1,560092,83407,17465,94116,48750,2719,94104,73,1460416620,0.305166714
242218,4/5/16 2:10,-1,-1,-1,-1,528524,82111,31018,94110,81768,24269,94122,73,1459851000,0.332586475
251267,4/8/16 21:10,0,-1,0,-1,549616,43364,17630,94103,35427,50764,94108,69,1460178600,0.333738571
263032,4/13/16 19:33,1,0,0,0,573603,43364,17630,94103,22517,38579,94102,71,1460604780,0.349396537
194943,3/15/16 20:07,0,0,1,0,428698,163949,15033,94105,82857,20675,94118,81,1458101220,0.369050717
150669,2/26/16 16:55,0,0,1,0,334780,81768,24269,94122,82857,20675,94118,81,1456534500,0.386044811
151614,2/27/16 0:00,0,1,0,0,337740,43364,17630,94103,43364,17630,94103,74,1456560000,0.402694274
154358,2/28/16 1:55,0,0,0,0,342887,89722,10160,94111,92125,8638,94041,82,1456653300,0.469180353
205890,3/19/16 20:14,1,-1,0,-1,451288,69223,9993,94132,94479,24633,94117,66,1458447240,0.469958069
274734,4/19/16 1:38,0,1,0,0,599273,163949,15033,94105,82111,31018,94110,90,1461058680,0.490399765
175215,3/7/16 22:38,1,0,0,1,386644,82111,31018,94110,26054,16226,94612,66,1457419080,0.491735798
169536,3/5/16 1:14,0,0,0,0,375174,50146,7167,94124,163949,15033,94105,79,1457169240,0.495130684
280138,4/21/16 2:17,0,0,0,0,611540,22517,38579,94102,82111,31018,94110,91,1461233820,0.500094409
173153,3/6/16 22:47,0,0,1,0,382099,88451,6456,94030,76952,30278,94115,58,1457333220,0.525691104
240295,4/4/16 13:54,0,1,1,0,524009,43364,17630,94103,94479,24633,94117,71,1459806840,0.555021204
206029,3/19/16 21:25,0,0,0,0,451554,43364,17630,94103,22517,38579,94102,71,1458451500,0.570182043
252963,4/9/16 7:51,0,0,0,0,552724,112650,24005,94123,112650,24005,94123,77,1460217060,0.57436583
145817,2/24/16 22:24,1,0,0,1,325102,81768,24269,94122,82857,20675,94118,82,1456381440,0.609325747
239707,4/3/16 23:42,0,0,1,0,522917,114689,22028,94114,76952,30278,94115,85,1459755720,0.616170395
239293,4/3/16 19:59,0,0,0,0,522076,163949,15033,94105,35427,50764,94108,85,1459742340,0.618330842
167688,3/4/16 6:44,1,0,0,0,371359,131351,11057,94127,82111,31018,94110,65,1457102640,0.63665496
284282,4/22/16 21:02,0,0,0,1,620779,69223,9993,94132,77058,6340,94080,66,1461387720,0.649251287
128409,2/18/16 16:11,1,1,0,0,289719,76952,30278,94115,82195,7938,94158,78,1455840660,0.673849919
194809,3/15/16 18:37,1,0,0,0,428415,82111,31018,94110,52787,9621,94608,85,1458095820,0.678471028
138819,2/22/16 13:53,1,0,0,1,309990,81768,24269,94122,82195,7938,94158,74,1456177980,0.69110703
211321,3/22/16 14:59,0,0,0,1,462515,90764,7053,94403,60722,46737,94109,65,1458687540,0.715976107
223077,3/27/16 16:27,0,1,0,0,487572,43364,17630,94103,112650,24005,94123,93,1459124820,0.728927712
190901,3/14/16 5:16,0,0,1,0,419898,35427,50764,94108,94479,24633,94117,100,1457961360,0.73193409
150772,2/26/16 17:34,1,0,0,1,336062,131351,11057,94127,71625,24592,94112,58,1456536840,0.735971698
230523,3/30/16 23:00,0,0,0,0,504061,163949,15033,94105,57457,12820,94702,93,1459407600,0.75241273
228048,3/29/16 23:32,1,0,0,0,498535,60722,46737,94109,88451,6456,94030,89,1459323120,0.766191322
237928,4/2/16 22:42,1,-1,0,-1,519389,94479,24633,94117,43364,17630,94103,76,1459665720,0.771378185
280500,4/21/16 4:59,0,0,1,0,612203,76952,30278,94115,22517,38579,94102,77,1461243540,0.774592726
234405,4/1/16 6:26,0,-1,1,-1,512010,163949,15033,94105,78911,6787,94066,77,1459520760,0.798183274
241407,4/4/16 22:37,0,-1,1,-1,527023,69223,9993,94132,96889,12939,94131,74,1459838220,0.824116213
210206,3/22/16 1:09,0,1,0,0,460204,22517,38579,94102,22517,38579,94102,92,1458637740,0.832438394
141268,2/23/16 2:50,0,0,0,1,314756,60448,6986,94544,79833,9630,94061,55,1456224600,0.833052133
193792,3/15/16 6:55,1,0,0,0,425949,94479,24633,94117,163949,15033,94105,70,1458053700,0.838845345
210403,3/22/16 1:55,1,0,0,0,460571,50485,37044,94133,60722,46737,94109,90,1458640500,0.852023135
253757,4/9/16 21:30,0,0,1,0,554330,76952,30278,94115,60722,46737,94109,71,1460266200,0.858483136
233335,3/31/16 23:54,1,-1,0,-1,509962,22517,38579,94102,48750,2719,94104,84,1459497240,0.865938387
133070,2/19/16 21:27,1,0,0,0,299170,71625,24592,94112,76952,30278,94115,68,1455946020,0.875785702
206238,3/19/16 22:59,0,0,1,0,451904,114689,22028,94114,50485,37044,94133,84,1458457140,0.878486755
188899,3/12/16 23:57,0,0,0,0,416122,82857,20675,94118,71625,24592,94112,77,1457855820,0.899897588
138564,2/22/16 4:36,0,0,1,0,309475,89722,10160,94111,22517,38579,94102,93,1456144560,0.917406576
149655,2/26/16 3:10,0,0,1,0,333280,163949,15033,94105,82111,31018,94110,74,1456485000,0.918356526
204150,3/18/16 23:42,0,1,0,0,447946,48750,2719,94104,76952,30278,94115,88,1458373320,0.921426639
278698,4/20/16 17:45,-1,-1,-1,-1,608569,163949,15033,94105,69223,9993,94132,93,1461203100,0.938930334
251514,4/8/16 22:55,0,1,1,0,550246,89722,10160,94111,76952,30278,94115,88,1460184900,0.943930248
137620,2/21/16 21:05,0,0,1,0,307829,96889,12939,94131,81768,24269,94122,70,1456117500,0.973646051
242438,4/5/16 4:30,0,0,1,0,529205,55554,15926,94703,83407,17465,94116,70,1459859400,0.997597217
257163,4/11/16 21:01,0,0,0,0,561525,35427,50764,94108,43364,17630,94103,94,1460437260,1.005011081
214447,3/23/16 18:55,0,1,0,0,469459,112650,24005,94123,43364,17630,94103,66,1458788100,1.019653327
145330,2/24/16 17:13,0,0,0,1,323989,72756,13662,94121,82857,20675,94118,69,1456362780,1.0507656
152136,2/27/16 2:09,0,-1,0,-1,338781,88451,6456,94030,96889,12939,94131,48,1456567740,1.053413879
148965,2/26/16 0:33,1,0,0,0,331869,82857,20675,94118,82857,20675,94118,67,1456475580,1.054350616
223409,3/27/16 19:59,1,0,0,0,488154,94479,24633,94117,114689,22028,94114,69,1459137540,1.062993226
261816,4/13/16 3:38,0,1,0,0,570539,48750,2719,94104,76952,30278,94115,88,1460547480,1.069435429
273829,4/18/16 20:53,0,0,0,0,597355,48750,2719,94104,43364,17630,94103,88,1461041580,1.219149407
220640,3/26/16 1:44,0,0,0,0,482992,76952,30278,94115,60722,46737,94109,79,1458985440,1.223767338
258952,4/12/16 1:40,0,0,1,0,564226,48750,2719,94104,94479,24633,94117,90,1460454000,1.249880342
242197,4/5/16 2:05,0,1,1,0,528657,22517,38579,94102,82111,31018,94110,84,1459850700,1.25905702
238566,4/3/16 4:23,0,0,1,0,520596,69223,9993,94132,69223,9993,94132,54,1459686180,1.2622083
157218,2/29/16 16:42,1,-1,0,-1,348712,131351,11057,94127,22517,38579,94102,83,1456792920,1.272351597
262152,4/13/16 13:34,0,0,0,0,571260,22517,38579,94102,163949,15033,94105,87,1460583240,1.289904921
150551,2/26/16 16:29,1,0,0,1,335518,22517,38579,94102,163949,15033,94105,77,1456532940,1.307054486
272632,4/18/16 3:30,1,0,0,0,594332,114689,22028,94114,163949,15033,94105,89,1460979000,1.336262787
145699,2/24/16 21:05,1,0,0,0,324840,71625,24592,94112,69223,9993,94132,69,1456376700,1.342826717
168099,3/4/16 15:59,-1,-1,-1,-1,372424,22517,38579,94102,22517,38579,94102,80,1457135940,1.34486172
140910,2/23/16 1:41,-1,-1,-1,-1,314378,43364,17630,94103,82111,31018,94110,71,1456220460,1.368995989
236259,4/2/16 1:02,-1,-1,-1,-1,516107,112650,24005,94123,94479,24633,94117,82,1459587720,1.386383051
148234,2/25/16 18:36,1,0,0,0,330316,22517,38579,94102,82195,7938,94158,77,1456454160,1.418284065
229044,3/30/16 4:33,0,0,1,0,500499,35427,50764,94108,94479,24633,94117,100,1459341180,1.439785531
226787,3/29/16 13:33,0,0,0,0,495314,22517,38579,94102,35427,50764,94108,77,1459287180,1.45404167
259929,4/12/16 15:16,0,0,0,1,566460,35427,50764,94108,96919,10205,94086,95,1460502960,1.469371041
206701,3/20/16 4:01,0,0,1,0,452868,94479,24633,94117,82111,31018,94110,73,1458475260,1.470386795
158986,3/1/16 3:48,0,-1,0,-1,352285,76952,30278,94115,50485,37044,94133,77,1456832880,1.477914091
146417,2/25/16 1:54,0,1,0,0,326487,48750,2719,94104,50485,37044,94133,88,1456394040,1.49018072
275444,4/19/16 14:10,1,0,0,1,600793,112650,24005,94123,69223,9993,94132,75,1461103800,1.491596773
197270,3/16/16 14:30,0,0,0,1,432972,82111,31018,94110,114439,15546,94107,90,1458167400,1.495363171
145911,2/24/16 23:32,0,0,0,0,325384,81768,24269,94122,48750,2719,94104,67,1456385520,1.498612999
265392,4/14/16 19:01,0,0,0,1,579058,94479,24633,94117,22517,38579,94102,75,1460689260,1.548586643
204131,3/18/16 23:38,0,1,1,0,447919,48750,2719,94104,81768,24269,94122,88,1458373080,1.565169727
216880,3/24/16 17:24,0,0,0,0,474909,94479,24633,94117,43364,17630,94103,75,1458869040,1.565395874
129822,2/18/16 23:52,0,0,0,1,293086,71625,24592,94112,40927,10116,94603,67,1455868320,1.582581102
281883,4/21/16 22:08,0,1,0,0,615488,22517,38579,94102,35427,50764,94108,82,1461305280,1.619539368
188230,3/12/16 19:14,-1,-1,-1,-1,414938,69223,9993,94132,112650,24005,94123,72,1457838840,1.623901214
186785,3/12/16 0:52,0,0,0,0,411956,114812,3099,94568,117475,2123,94566,49,1457772720,1.63814043
152081,2/27/16 1:57,0,-1,1,-1,338687,112650,24005,94123,35427,50764,94108,70,1456567020,1.64567796
221246,3/26/16 13:30,-1,-1,-1,-1,484061,94479,24633,94117,35427,50764,94108,77,1459027800,1.665312688
168195,3/4/16 16:19,1,0,0,0,372678,43364,17630,94103,76952,30278,94115,77,1457137140,1.685006081
133380,2/19/16 23:37,0,0,0,0,299348,60722,46737,94109,112650,24005,94123,82,1455953820,1.687448098
164153,3/3/16 1:52,0,0,0,0,363873,48750,2719,94104,82857,20675,94118,88,1456998720,1.705504489
151936,2/27/16 1:23,0,0,1,0,338418,57457,12820,94702,63125,3018,94710,63,1456564980,1.71892618
186863,3/12/16 1:10,0,0,0,0,412122,48750,2719,94104,82857,20675,94118,88,1457773800,1.728897263
255933,4/11/16 3:04,0,0,0,0,558519,138884,1918,94920,163949,15033,94105,55,1460372640,1.731566875
211097,3/22/16 14:01,1,0,0,1,461911,78911,6787,94066,35427,50764,94108,66,1458684060,1.736290955
147397,2/25/16 14:30,0,0,0,0,328296,94479,24633,94117,112650,24005,94123,75,1456439400,1.737816802
203840,3/18/16 21:59,1,0,1,0,447033,50146,7167,94124,50146,7167,94124,69,1458367140,1.741999648
175942,3/8/16 2:05,0,0,0,0,388161,114689,22028,94114,22517,38579,94102,89,1457431500,1.77289803
280496,4/21/16 4:55,0,-1,1,-1,612175,22517,38579,94102,35427,50764,94108,86,1461243300,1.774549675
202025,3/18/16 2:03,0,0,0,1,443399,31082,4092,94621,31082,4092,94621,24,1458295380,1.79013071
151981,2/27/16 1:33,0,1,0,0,338504,22517,38579,94102,22517,38579,94102,84,1456565580,1.790754598
216455,3/24/16 15:04,1,0,0,1,473832,114439,15546,94107,89722,10160,94111,74,1458860640,1.799101528
191752,3/14/16 16:07,0,-1,0,-1,421848,22517,38579,94102,50485,37044,94133,84,1458000420,1.799160367
145759,2/24/16 21:49,-1,-1,-1,-1,324983,69223,9993,94132,94479,24633,94117,66,1456379340,1.844665724
275144,4/19/16 4:27,0,0,1,0,600012,22517,38579,94102,72756,13662,94121,91,1461068820,1.85050172
198201,3/16/16 21:31,0,1,1,0,435326,83407,17465,94116,82111,31018,94110,66,1458192660,1.851219727
133838,2/20/16 1:27,-1,0,-1,0,300632,163949,15033,94105,88451,6456,94030,90,1455960420,1.868628824
136475,2/21/16 3:04,0,1,1,0,305663,94479,24633,94117,69223,9993,94132,80,1456052640,1.876099253
195963,3/16/16 0:26,1,0,0,0,430293,35427,50764,94108,82111,31018,94110,99,1458116760,1.9050386
275298,4/19/16 12:01,1,0,0,1,600429,82857,20675,94118,48750,2719,94104,77,1461096060,1.916870303
189055,3/13/16 1:07,-1,-1,-1,-1,416398,163949,15033,94105,50485,37044,94133,90,1457860020,1.917261686
251674,4/8/16 23:33,0,1,1,0,550494,48750,2719,94104,94479,24633,94117,88,1460187180,1.924872643
202730,3/18/16 14:09,0,-1,0,-1,444849,94479,24633,94117,90764,7053,94403,73,1458338940,1.931228222
230930,3/31/16 0:37,0,1,1,0,504849,48750,2719,94104,112650,24005,94123,90,1459413420,1.949941641
154181,2/28/16 0:51,-1,-1,-1,-1,342594,35427,50764,94108,114689,22028,94114,95,1456649460,1.95464532
246581,4/6/16 23:48,1,-1,0,-1,538942,76952,30278,94115,76952,30278,94115,77,1460015280,1.962279432
280493,4/21/16 4:54,0,0,1,0,612202,163949,15033,94105,60722,46737,94109,93,1461243240,1.985590656
133864,2/20/16 1:32,0,0,1,0,300675,163949,15033,94105,112650,24005,94123,90,1455960720,1.993274254
223146,3/27/16 17:25,1,-1,0,-1,487716,96889,12939,94131,76952,30278,94115,62,1459128300,1.99375205
251770,4/8/16 23:52,0,1,1,0,550666,163949,15033,94105,43364,17630,94103,85,1460188320,2.00653473
173621,3/7/16 2:34,0,-1,0,-1,382939,82857,20675,94118,81768,24269,94122,76,1457346840,2.016420677
222940,3/27/16 10:48,0,0,0,1,487262,71625,24592,94112,114689,22028,94114,75,1459104480,2.019171062
153716,2/27/16 21:25,-1,-1,-1,-1,341739,69223,9993,94132,83407,17465,94116,66,1456637100,2.023591791
209047,3/21/16 17:14,1,0,0,0,457992,72848,13732,94610,40927,10116,94603,53,1458609240,2.028066085
161692,3/2/16 3:32,1,0,0,0,358519,82857,20675,94118,112650,24005,94123,75,1456918320,2.058178191
228060,3/29/16 23:37,0,-1,1,-1,498571,26054,16226,94612,22517,38579,94102,84,1459323420,2.058725729
141998,2/23/16 14:44,1,0,0,0,316384,81768,24269,94122,72756,13662,94121,72,1456267440,2.07159038
172798,3/6/16 19:50,0,0,0,0,381443,82111,31018,94110,82111,31018,94110,92,1457322600,2.087645505
282152,4/21/16 23:53,0,-1,0,-1,616112,35427,50764,94108,163949,15033,94105,94,1461311580,2.103855938
238337,4/3/16 1:45,-1,-1,-1,-1,520130,-1,-1,-1,-1,-1,-1,-1,1459676700,2.109857552
235502,4/1/16 20:53,1,0,0,1,514563,76952,30278,94115,163949,15033,94105,72,1459572780,2.139569123
147880,2/25/16 16:30,1,0,0,1,329498,50485,37044,94133,48750,2719,94104,90,1456446600,2.14886166
131140,2/19/16 4:27,0,0,1,0,295406,163949,15033,94105,22517,38579,94102,74,1455884820,2.176973479
241978,4/5/16 1:04,-1,-1,-1,-1,528041,48750,2719,94104,56716,16175,94134,90,1459847040,2.217414516
156594,2/29/16 8:04,-1,-1,-1,-1,347031,82857,20675,94118,48750,2719,94104,64,1456761840,2.222752812
249664,4/8/16 1:24,0,1,0,0,545823,82195,7938,94158,82111,31018,94110,77,1460107440,2.251467196
265516,4/14/16 20:28,1,-1,0,-1,579352,60722,46737,94109,76952,30278,94115,88,1460694480,2.293798679
167039,3/4/16 2:11,1,0,0,0,370130,76952,30278,94115,143320,1209,94129,72,1457086260,2.321457835
130866,2/19/16 3:12,1,0,0,1,294911,69223,9993,94132,35427,50764,94108,66,1455880320,2.332431947
163373,3/2/16 21:50,1,-1,0,-1,362336,94479,24633,94117,82111,31018,94110,76,1456984200,2.350041827
253119,4/9/16 15:47,1,0,0,1,553114,-1,-1,-1,-1,-1,-1,-1,1460245620,2.367776356
197689,3/16/16 16:08,1,0,0,1,434093,55554,15926,94703,35427,50764,94108,56,1458173280,2.394127496
175438,3/8/16 0:25,0,0,0,0,387178,35427,50764,94108,22517,38579,94102,91,1457425500,2.454602286
250305,4/8/16 11:19,1,-1,0,-1,547142,35427,50764,94108,112650,24005,94123,100,1460143140,2.476609021
231795,3/31/16 7:31,0,0,1,0,506490,76952,30278,94115,35427,50764,94108,77,1459438260,2.506990645
142136,2/23/16 15:28,1,0,0,1,316773,131351,11057,94127,71625,24592,94112,58,1456270080,2.511831382
161036,3/2/16 1:06,0,1,1,0,357202,163949,15033,94105,94479,24633,94117,77,1456909560,2.517040941
222041,3/26/16 21:39,0,0,0,0,485429,81768,24269,94122,163949,15033,94105,67,1459057140,2.533101171
255472,4/10/16 22:29,-1,-1,-1,-1,557639,22517,38579,94102,94479,24633,94117,62,1460356140,2.541515691
207674,3/20/16 22:34,0,0,1,0,454840,77058,6340,94080,50146,7167,94124,67,1458542040,2.550796441
186163,3/11/16 20:42,0,0,1,0,410330,35427,50764,94108,38363,15840,94606,100,1457757720,2.572579331
164759,3/3/16 4:15,0,0,1,0,364948,48750,2719,94104,81768,24269,94122,90,1457007300,2.585405299
153428,2/27/16 19:15,0,0,0,0,341159,163949,15033,94105,72756,13662,94121,77,1456629300,2.597168784
280622,4/21/16 7:15,-1,-1,-1,-1,612442,71625,24592,94112,50485,37044,94133,70,1461251700,2.644005164
171740,3/6/16 0:37,0,-1,0,-1,379420,22517,38579,94102,22517,38579,94102,81,1457253420,2.644495096
237546,4/2/16 19:58,0,0,0,0,518190,114439,15546,94107,35427,50764,94108,69,1459655880,2.651328179
249371,4/8/16 0:28,0,1,0,0,545308,43364,17630,94103,81768,24269,94122,92,1460104080,2.654337424
219746,3/25/16 20:55,0,0,0,0,481198,88451,6456,94030,82111,31018,94110,48,1458968100,2.667036667
224112,3/28/16 3:51,0,-1,1,-1,489356,88451,6456,94030,57457,12820,94702,30,1459165860,2.693630036
160580,3/1/16 22:09,1,0,0,1,355664,60722,46737,94109,60722,46737,94109,89,1456898940,2.69390568
265737,4/14/16 22:45,0,0,0,1,579846,82857,20675,94118,48750,2719,94104,69,1460702700,2.70182791
209394,3/21/16 21:00,0,0,1,0,458614,76952,30278,94115,35427,50764,94108,75,1458622800,2.704308964
140401,2/22/16 23:34,0,0,0,0,313277,163949,15033,94105,76952,30278,94115,90,1456212840,2.72332063
226313,3/29/16 2:24,0,0,1,0,494372,82857,20675,94118,69223,9993,94132,73,1459247040,2.758687079
264186,4/14/16 2:20,1,0,0,0,575975,60722,46737,94109,48750,2719,94104,80,1460629200,2.810255382
220514,3/26/16 1:01,0,0,1,0,482746,163949,15033,94105,22517,38579,94102,74,1458982860,2.826308172
140130,2/22/16 21:57,0,-1,1,-1,312891,90764,7053,94403,81768,24269,94122,60,1456207020,2.826807956
207292,3/20/16 18:44,0,0,0,0,454081,38305,15173,94601,31082,4092,94621,67,1458528240,2.831193688
209805,3/21/16 23:49,0,1,0,0,459398,163949,15033,94105,82111,31018,94110,93,1458632940,2.846666717
248787,4/7/16 21:00,-1,-1,-1,-1,544094,35427,50764,94108,81206,13487,94706,91,1460091600,2.861656156
230275,3/30/16 20:54,0,0,0,0,503556,82111,31018,94110,94479,24633,94117,89,1459400040,2.875219013
242038,4/5/16 1:21,0,1,1,0,528345,22517,38579,94102,94479,24633,94117,91,1459848060,2.880348405
212304,3/22/16 23:14,0,0,0,0,464845,114439,15546,94107,89722,10160,94111,67,1458717240,2.886993263
138426,2/22/16 3:02,1,0,0,1,309248,81768,24269,94122,114439,15546,94107,74,1456138920,2.912317585
178936,3/9/16 4:07,0,1,1,0,395084,48750,2719,94104,110221,1379,94941,88,1457525220,2.927076856
281440,4/21/16 17:17,1,0,0,0,614525,82857,20675,94118,76952,30278,94115,83,1461287820,2.927593923
263710,4/14/16 0:18,0,-1,0,-1,574457,48750,2719,94104,163949,15033,94105,90,1460621880,2.956675619
133606,2/20/16 0:46,0,0,1,0,300199,163949,15033,94105,90764,7053,94403,77,1455957960,2.961479219
148573,2/25/16 21:49,1,0,0,1,330974,163949,15033,94105,76952,30278,94115,69,1456465740,2.962896497
132564,2/19/16 17:40,1,0,0,1,298241,114689,22028,94114,163949,15033,94105,78,1455932400,2.970038574
144287,2/24/16 4:18,-1,-1,-1,-1,321520,82857,20675,94118,34345,2465,95113,77,1456316280,3.006241675
256540,4/11/16 15:10,1,0,0,1,559981,81768,24269,94122,163949,15033,94105,77,1460416200,3.006269496
183664,3/10/16 23:11,0,0,0,0,405308,82857,20675,94118,82857,20675,94118,71,1457680260,3.018280813
204845,3/19/16 2:30,0,0,1,0,449180,89722,10160,94111,138884,1918,94920,93,1458383400,3.022285627
131388,2/19/16 5:45,1,0,0,0,295774,99375,9178,94040,48750,2719,94104,43,1455889500,3.032971933
144052,2/24/16 2:46,0,1,0,0,321021,35427,50764,94108,22517,38579,94102,93,1456310760,3.036893201
154450,2/28/16 2:33,-1,-1,-1,-1,342594,114689,22028,94114,22517,38579,94102,85,1456655580,3.060856606
239115,4/3/16 18:37,1,-1,0,-1,521760,82857,20675,94118,72756,13662,94121,78,1459737420,3.084976645
257209,4/11/16 21:15,1,0,0,1,561634,72756,13662,94121,82857,20675,94118,69,1460438100,3.095918972
141838,2/23/16 7:33,0,1,1,0,316017,50485,37044,94133,60722,46737,94109,94,1456241580,3.098719654
174291,3/7/16 15:49,1,0,0,1,384398,82195,7938,94158,22517,38579,94102,77,1457394540,3.101965697
198483,3/16/16 23:24,0,0,0,0,435736,91808,6724,94085,94479,24633,94117,32,1458199440,3.109288244
231129,3/31/16 1:18,0,0,1,0,505252,22517,38579,94102,114689,22028,94114,97,1459415880,3.111467071
140119,2/22/16 21:48,-1,1,-1,0,312871,60722,46737,94109,48750,2719,94104,77,1456206480,3.127365346
246045,4/6/16 19:10,1,0,0,0,537734,96889,12939,94131,114689,22028,94114,83,1459998600,3.128542819
221114,3/26/16 6:33,0,0,0,0,483586,76952,30278,94115,22517,38579,94102,76,1459002780,3.132779121
134091,2/20/16 2:24,0,0,1,0,301109,76952,30278,94115,94479,24633,94117,76,1455963840,3.14046379
151993,2/27/16 1:35,0,-1,0,-1,338196,94479,24633,94117,22517,38579,94102,85,1456565700,3.141653381
257813,4/11/16 23:35,-1,0,-1,0,562641,22517,38579,94102,22517,38579,94102,81,1460446500,3.163135443
206712,3/20/16 4:20,-1,-1,-1,-1,452871,48750,2719,94104,50485,37044,94133,98,1458476400,3.168385007
205097,3/19/16 5:33,0,0,0,0,449719,71625,24592,94112,43364,17630,94103,72,1458394380,3.168910565
200317,3/17/16 15:27,-1,0,-1,0,438760,82857,20675,94118,60722,46737,94109,75,1458257220,3.1863939
177434,3/8/16 17:38,0,-1,1,-1,391735,26054,16226,94612,116604,7097,94618,82,1457487480,3.193231553
221944,3/26/16 20:53,-1,-1,-1,-1,485396,88451,6456,94030,50485,37044,94133,30,1459054380,3.214651135
162111,3/2/16 7:31,1,-1,0,-1,359296,71625,24592,94112,60722,46737,94109,71,1456932660,3.223880957
231616,3/31/16 4:11,0,-1,0,-1,506171,94479,24633,94117,76952,30278,94115,76,1459426260,3.253296337
136136,2/21/16 0:57,0,0,0,0,305019,114689,22028,94114,114689,22028,94114,85,1456045020,3.260517812
270148,4/16/16 20:27,0,-1,0,-1,589487,94479,24633,94117,76952,30278,94115,75,1460867220,3.264497677
203312,3/18/16 17:03,0,-1,0,-1,446323,76952,30278,94115,82857,20675,94118,77,1458349380,3.270962826
208787,3/21/16 15:30,1,0,0,1,457351,60722,46737,94109,43364,17630,94103,79,1458603000,3.293354101
250064,4/8/16 4:27,0,-1,1,-1,546755,112650,24005,94123,35427,50764,94108,70,1460118420,3.295373198
217168,3/24/16 20:51,0,0,0,0,475502,76952,30278,94115,35427,50764,94108,78,1458881460,3.311395175
277009,4/20/16 0:33,1,-1,0,-1,604719,76952,30278,94115,163949,15033,94105,75,1461141180,3.316389267
235425,4/1/16 20:04,0,0,1,0,514382,82857,20675,94118,94479,24633,94117,71,1459569840,3.334375611
255497,4/10/16 22:46,0,0,0,0,557702,48750,2719,94104,60722,46737,94109,79,1460357160,3.336111018
176165,3/8/16 2:46,0,1,1,0,388539,48750,2719,94104,82857,20675,94118,90,1457433960,3.343669903
211941,3/22/16 19:48,0,0,0,1,464047,82111,31018,94110,43364,17630,94103,76,1458704880,3.346246171
243958,4/5/16 23:24,0,1,1,0,532923,163949,15033,94105,94479,24633,94117,93,1459927440,3.352000216
239317,4/3/16 20:12,0,-1,0,-1,522131,26054,16226,94612,163949,15033,94105,78,1459743120,3.390944825
188988,3/13/16 0:37,0,0,0,0,416282,96889,12939,94131,71625,24592,94112,67,1457858220,3.396776617
186106,3/11/16 20:08,-1,-1,-1,-1,410330,48750,2719,94104,38363,15840,94606,90,1457755680,3.397453751
208386,3/21/16 13:45,1,0,0,1,456219,35427,50764,94108,56716,16175,94134,92,1458596700,3.398660775
257726,4/11/16 23:23,0,-1,0,-1,562390,82111,31018,94110,114689,22028,94114,76,1460445780,3.403567372
284197,4/22/16 20:19,0,1,0,0,620439,82111,31018,94110,89722,10160,94111,76,1461385140,3.412425535
215774,3/24/16 3:05,0,1,1,0,472200,26054,16226,94612,52400,12420,94609,84,1458817500,3.428359361
208958,3/21/16 16:29,0,0,0,1,457748,81768,24269,94122,163949,15033,94105,74,1458606540,3.465785604
154370,2/28/16 1:57,-1,-1,-1,-1,342903,131351,11057,94127,69223,9993,94132,77,1456653420,3.530879224
215340,3/24/16 1:01,0,1,0,0,471406,48750,2719,94104,60722,46737,94109,90,1458810060,3.53934514
267309,4/15/16 15:21,1,0,0,1,583323,76952,30278,94115,43364,17630,94103,62,1460762460,3.545000113
269055,4/16/16 3:22,0,0,1,0,587212,48750,2719,94104,72756,13662,94121,90,1460805720,3.547449763
171519,3/5/16 22:47,0,0,0,0,378945,22517,38579,94102,76952,30278,94115,81,1457246820,3.552681555
267892,4/15/16 20:10,1,0,0,1,584780,163949,15033,94105,35427,50764,94108,77,1460779800,3.556535312
184169,3/11/16 1:34,0,1,1,0,406448,163949,15033,94105,82857,20675,94118,90,1457688840,3.56335814
139320,2/22/16 16:19,1,0,0,1,311182,81768,24269,94122,163949,15033,94105,82,1456186740,3.563479811
222687,3/27/16 3:45,0,0,1,0,486822,35427,50764,94108,82857,20675,94118,94,1459079100,3.578564943
198322,3/16/16 22:43,0,0,1,0,435530,114689,22028,94114,114689,22028,94114,85,1458196980,3.585497224
237164,4/2/16 16:11,0,0,0,0,517896,48750,2719,94104,135980,1447,94549,90,1459642260,3.612761562
232454,3/31/16 16:25,0,-1,1,-1,508127,112650,24005,94123,94479,24633,94117,74,1459470300,3.633421931
203316,3/18/16 17:04,1,0,0,1,446332,114689,22028,94114,48750,2719,94104,89,1458349440,3.656109444
215580,3/24/16 1:54,1,0,0,0,471837,82857,20675,94118,31082,4092,94621,67,1458813240,3.663084305
199391,3/17/16 2:22,0,1,1,0,437547,163949,15033,94105,72756,13662,94121,69,1458210120,3.664316939
273362,4/18/16 15:52,0,-1,0,-1,596210,-1,-1,-1,-1,-1,-1,-1,1461023520,3.675176414
189593,3/13/16 8:00,-1,-1,-1,-1,417432,35427,50764,94108,35427,50764,94108,90,1457884800,3.699991045
259275,4/12/16 3:47,0,0,1,0,564882,48750,2719,94104,60722,46737,94109,90,1460461620,3.703865258
199879,3/17/16 11:55,0,0,0,0,438497,94479,24633,94117,91808,6724,94085,70,1458244500,3.722801073
225824,3/29/16 0:22,0,0,1,0,493409,163949,15033,94105,81768,24269,94122,90,1459239720,3.72416393
172456,3/6/16 16:44,0,0,0,0,380874,82857,20675,94118,72756,13662,94121,76,1457311440,3.735247914
161499,3/2/16 2:42,-1,-1,-1,-1,358157,131351,11057,94127,81768,24269,94122,83,1456915320,3.743486412
251432,4/8/16 22:22,0,0,0,0,550074,91808,6724,94085,94479,24633,94117,32,1460182920,3.745870806
218661,3/25/16 5:05,0,0,1,0,478509,35427,50764,94108,50485,37044,94133,91,1458911100,3.747651741
243458,4/5/16 18:20,1,0,0,0,531772,112650,24005,94123,48750,2719,94104,77,1459909200,3.756552295
169128,3/4/16 23:10,-1,-1,-1,-1,374592,69223,9993,94132,31082,4092,94621,66,1457161800,3.760725008
187369,3/12/16 3:29,0,0,1,0,413135,82111,31018,94110,35427,50764,94108,76,1457782140,3.780420733
206380,3/20/16 0:08,1,0,0,0,452157,114689,22028,94114,76952,30278,94115,88,1458461280,3.785723588
183360,3/10/16 20:16,1,0,0,0,404814,83407,17465,94116,71625,24592,94112,83,1457669760,3.798384448
279396,4/20/16 23:41,0,1,1,0,610044,43364,17630,94103,117679,4810,94070,69,1461224460,3.821860461
241353,4/4/16 22:12,0,-1,0,-1,526910,114689,22028,94114,94479,24633,94117,72,1459836720,3.850131632
184324,3/11/16 1:58,0,0,1,0,406724,48750,2719,94104,94479,24633,94117,88,1457690280,3.851251848
187243,3/12/16 2:45,0,0,0,0,412926,48750,2719,94104,86227,5131,94597,90,1457779500,3.859613879
136447,2/21/16 2:54,0,0,1,0,305615,35427,50764,94108,72756,13662,94121,95,1456052040,3.86426219
234485,4/1/16 13:04,1,0,0,1,512179,83407,17465,94116,43364,17630,94103,61,1459544640,3.868391094
167676,3/4/16 6:28,1,0,0,0,371319,50485,37044,94133,138884,1918,94920,87,1457101680,3.869682223
255299,4/10/16 20:45,-1,-1,-1,-1,557021,69223,9993,94132,131351,11057,94127,66,1460349900,3.878725986
151649,2/27/16 0:07,0,0,1,0,337789,60722,46737,94109,60722,46737,94109,91,1456560420,3.88025283
260750,4/12/16 22:28,0,0,0,0,568264,22517,38579,94102,163949,15033,94105,84,1460528880,3.915605335
214018,3/23/16 15:35,1,0,0,0,468544,48750,2719,94104,163949,15033,94105,90,1458776100,3.924522442
263090,4/13/16 20:22,0,1,0,0,573639,83407,17465,94116,82857,20675,94118,83,1460607720,3.92991427
232001,3/31/16 14:28,-1,-1,-1,-1,506983,69223,9993,94132,22517,38579,94102,66,1459463280,3.936072667
270746,4/17/16 0:32,0,0,1,0,589713,82857,20675,94118,82857,20675,94118,73,1460881920,3.955893846
170303,3/5/16 4:38,1,0,0,0,376638,81206,13487,94706,81206,13487,94706,69,1457181480,3.971077765
141975,2/23/16 14:32,1,0,0,0,316324,131351,11057,94127,22517,38579,94102,83,1456266720,3.992704469
266626,4/15/16 3:16,0,0,1,0,581702,43364,17630,94103,22517,38579,94102,67,1460718960,4.015985421
235244,4/1/16 18:29,-1,0,-1,0,514056,35427,50764,94108,82111,31018,94110,90,1459564140,4.037947555
153000,2/27/16 15:06,1,-1,0,-1,340378,114689,22028,94114,22517,38579,94102,68,1456614360,4.050242502
282714,4/22/16 1:48,1,-1,0,-1,617165,35427,50764,94108,48750,2719,94104,100,1461318480,4.092108089
199565,3/17/16 3:20,0,-1,1,-1,437892,163949,15033,94105,94479,24633,94117,90,1458213600,4.094755019
195929,3/16/16 0:23,0,1,1,0,430321,48750,2719,94104,60722,46737,94109,88,1458116580,4.106149224
177614,3/8/16 19:47,-1,-1,-1,-1,392144,83407,17465,94116,131351,11057,94127,81,1457495220,4.130754284
226643,3/29/16 5:53,0,0,1,0,495046,114689,22028,94114,131351,11057,94127,85,1459259580,4.136320926
239905,4/4/16 1:40,0,0,1,0,523309,22517,38579,94102,76952,30278,94115,92,1459762800,4.151702356
178841,3/9/16 3:24,0,0,1,0,394883,82111,31018,94110,131351,11057,94127,85,1457522640,4.156923413
271160,4/17/16 4:27,0,-1,0,-1,591249,71625,24592,94112,69223,9993,94132,70,1460896020,4.173241362
271561,4/17/16 16:31,0,0,0,0,591957,35427,50764,94108,43364,17630,94103,90,1460939460,4.174918004
206972,3/20/16 14:59,0,0,0,0,453427,89722,10160,94111,114689,22028,94114,82,1458514740,4.206709369
200054,3/17/16 14:26,1,0,0,0,439063,94479,24633,94117,94479,24633,94117,76,1458253560,4.222701371
142399,2/23/16 16:22,0,0,1,0,317443,114439,15546,94107,82857,20675,94118,72,1456273320,4.228550122
201627,3/18/16 0:38,0,-1,1,-1,442594,114689,22028,94114,96889,12939,94131,89,1458290280,4.240163229
131581,2/19/16 7:39,-1,-1,-1,-1,296075,22517,38579,94102,94479,24633,94117,84,1455896340,4.254864427
239789,4/4/16 0:31,0,0,0,1,523080,22517,38579,94102,112650,24005,94123,93,1459758660,4.263195202
200166,3/17/16 14:55,1,0,0,1,439397,82857,20675,94118,35427,50764,94108,64,1458255300,4.265052398
275804,4/19/16 15:28,1,-1,0,-1,601825,22517,38579,94102,81768,24269,94122,72,1461108480,4.266206535
222105,3/26/16 22:09,0,0,1,0,485673,114689,22028,94114,81768,24269,94122,89,1459058940,4.269791949
146110,2/25/16 0:40,1,0,0,1,325811,60722,46737,94109,112650,24005,94123,81,1456389600,4.297591438
206901,3/20/16 8:00,1,-1,0,-1,453245,96889,12939,94131,63388,5441,94577,66,1458489600,4.307103489
136002,2/21/16 0:10,0,0,1,0,304744,72756,13662,94121,69223,9993,94132,66,1456042200,4.309437769
176293,3/8/16 3:27,0,0,0,0,388859,48750,2719,94104,112650,24005,94123,85,1457436420,4.323338362
228115,3/29/16 23:53,0,1,0,0,498673,82195,7938,94158,43364,17630,94103,77,1459324380,4.327064238
230190,3/30/16 20:01,0,0,0,1,503113,35427,50764,94108,163949,15033,94105,95,1459396860,4.331511115
176790,3/8/16 14:32,-1,-1,-1,-1,389730,88451,6456,94030,69223,9993,94132,58,1457476320,4.349831237
263149,4/13/16 20:52,0,0,0,0,573639,82857,20675,94118,81768,24269,94122,78,1460609520,4.352438498
230398,3/30/16 22:06,0,0,1,0,503806,43364,17630,94103,82857,20675,94118,67,1459404360,4.384892835
171027,3/5/16 18:47,-1,-1,-1,-1,378152,72756,13662,94121,69223,9993,94132,70,1457232420,4.392442739
196362,3/16/16 1:10,0,0,0,0,430969,38305,15173,94601,48750,2719,94104,69,1458119400,4.402205297
156116,2/29/16 1:48,1,0,0,0,346252,56716,16175,94134,48750,2719,94104,72,1456739280,4.454896989
229072,3/30/16 5:03,0,-1,1,-1,500578,163949,15033,94105,52400,12420,94609,93,1459342980,4.45685221
277804,4/20/16 5:32,0,0,1,0,606190,163949,15033,94105,43364,17630,94103,77,1461159120,4.459315887
249566,4/8/16 1:02,0,0,0,0,545410,69223,9993,94132,60722,46737,94109,72,1460106120,4.491356245
192555,3/14/16 23:27,0,0,1,0,423570,35427,50764,94108,96889,12939,94131,100,1458026820,4.499557025
261799,4/13/16 3:31,0,0,1,0,570383,22517,38579,94102,52400,12420,94609,84,1460547060,4.501603024
257794,4/11/16 23:34,0,0,1,0,562632,22517,38579,94102,82857,20675,94118,77,1460446440,4.514643894
132299,2/19/16 16:33,0,1,0,0,297678,76952,30278,94115,76952,30278,94115,71,1455928380,4.515535882
128555,2/18/16 16:38,1,0,0,1,290726,22517,38579,94102,163949,15033,94105,82,1455842280,4.568064429
237326,4/2/16 17:55,0,0,0,0,518246,60722,46737,94109,60722,46737,94109,87,1459648500,4.569589894
142927,2/23/16 20:06,0,1,0,0,318683,22517,38579,94102,60722,46737,94109,91,1456286760,4.570257237
236915,4/2/16 6:27,0,0,1,0,517372,22517,38579,94102,76952,30278,94115,92,1459607220,4.59128887
217373,3/24/16 22:38,0,0,1,0,475690,26054,16226,94612,60722,46737,94109,56,1458887880,4.611681025
203832,3/18/16 21:57,0,0,1,0,447321,48750,2719,94104,76952,30278,94115,88,1458367020,4.629200186
175643,3/8/16 1:17,0,0,1,0,387635,35427,50764,94108,114689,22028,94114,79,1457428620,4.647298715
283937,4/22/16 17:29,0,1,0,0,620021,89722,10160,94111,82857,20675,94118,82,1461374940,4.66416469
284153,4/22/16 19:45,0,1,0,0,620519,82195,7938,94158,84466,4995,94530,77,1461383100,4.665947833
160110,3/1/16 17:35,1,0,0,1,355121,82857,20675,94118,35427,50764,94108,67,1456882500,4.677675894
177001,3/8/16 15:36,0,0,0,1,390486,83407,17465,94116,50485,37044,94133,59,1457480160,4.685437042
283755,4/22/16 15:57,1,-1,0,-1,619666,81768,24269,94122,69223,9993,94132,82,1461369420,4.693643711
233465,4/1/16 0:23,0,1,1,0,510240,48750,2719,94104,81768,24269,94122,90,1459498980,4.715857955
178496,3/9/16 2:03,-1,0,-1,0,394240,114812,3099,94568,26054,16226,94612,51,1457517780,4.727345655
258651,4/12/16 1:07,0,1,1,0,563851,48750,2719,94104,114439,15546,94107,88,1460452020,4.734483266
146716,2/25/16 3:03,0,0,0,0,326986,94479,24633,94117,82195,7938,94158,75,1456398180,4.742747307
153457,2/27/16 19:24,0,0,0,0,341126,81768,24269,94122,112650,24005,94123,82,1456629840,4.745316928
136650,2/21/16 4:47,1,-1,0,-1,306033,71625,24592,94112,43364,17630,94103,68,1456058820,4.768811807
198595,3/16/16 23:41,1,0,0,0,436034,82857,20675,94118,143320,1209,94129,60,1458200460,4.822548758
232717,3/31/16 18:48,0,1,0,0,508695,94479,24633,94117,94479,24633,94117,76,1459478880,4.828120402
161322,3/2/16 2:01,-1,-1,-1,-1,357839,52787,9621,94608,89722,10160,94111,60,1456912860,4.866594388
152170,2/27/16 2:15,0,0,1,0,338830,43364,17630,94103,56716,16175,94134,77,1456568100,4.874190116
175304,3/7/16 23:23,0,0,0,0,386833,163949,15033,94105,88451,6456,94030,93,1457421780,4.882469595
164253,3/3/16 2:14,-1,0,-1,0,364088,114689,22028,94114,48750,2719,94104,91,1457000040,4.919667709
265515,4/14/16 20:26,0,0,1,0,579340,81768,24269,94122,81768,24269,94122,83,1460694360,4.978416989
171615,3/5/16 23:36,0,0,1,0,379280,82111,31018,94110,52976,7165,94806,76,1457249760,4.981593048
231033,3/31/16 0:56,0,0,0,0,504413,48750,2719,94104,114689,22028,94114,85,1459414560,4.992147754
241567,4/4/16 23:44,0,1,1,0,527304,89722,10160,94111,72756,13662,94121,93,1459842240,4.998073325
186494,3/11/16 23:29,0,0,1,0,411417,114689,22028,94114,114689,22028,94114,89,1457767740,5.008947845
186330,3/11/16 22:06,0,0,0,0,410715,43364,17630,94103,82195,7938,94158,92,1457762760,5.013518754
271639,4/17/16 17:19,1,0,0,0,592117,114689,22028,94114,143320,1209,94129,85,1460942340,5.027566266
207910,3/21/16 1:06,0,1,1,0,455279,82857,20675,94118,72756,13662,94121,64,1458551160,5.030049984
179940,3/9/16 16:41,0,0,0,0,397315,82111,31018,94110,114511,8009,94404,92,1457570460,5.035226015
234467,4/1/16 12:22,0,0,0,0,512111,38305,15173,94601,91808,6724,94085,50,1459542120,5.036439797
260016,4/12/16 15:34,-1,1,-1,0,566657,48750,2719,94104,72848,13732,94610,90,1460504040,5.037797646
185044,3/11/16 6:24,0,0,0,0,408048,55554,15926,94703,81768,24269,94122,70,1457706240,5.040035586
166603,3/4/16 0:34,1,-1,0,-1,369196,94479,24633,94117,22517,38579,94102,69,1457080440,5.048405965
255137,4/10/16 19:47,1,0,0,1,557061,60722,46737,94109,114439,15546,94107,76,1460346420,5.054327396
207250,3/20/16 18:22,0,0,0,0,454009,114689,22028,94114,96889,12939,94131,89,1458526920,5.058775446
145006,2/24/16 15:51,1,0,0,0,323056,82857,20675,94118,22517,38579,94102,68,1456357860,5.060219979
252603,4/9/16 3:30,0,0,1,0,552190,163949,15033,94105,94479,24633,94117,93,1460201400,5.063016619
280469,4/21/16 4:29,0,0,1,0,612139,69223,9993,94132,81768,24269,94122,74,1461241740,5.066006859
194047,3/15/16 14:28,1,0,0,1,426628,56716,16175,94134,163949,15033,94105,71,1458080880,5.083510756
252046,4/9/16 0:44,0,-1,1,-1,551154,82195,7938,94158,50485,37044,94133,76,1460191440,5.092817336
157636,2/29/16 20:07,0,-1,0,-1,349665,69223,9993,94132,81768,24269,94122,66,1456805220,5.117558941
200996,3/17/16 21:21,0,-1,0,-1,441395,94479,24633,94117,22517,38579,94102,87,1458278460,5.158666312
264958,4/14/16 15:22,1,0,0,1,577895,72756,13662,94121,163949,15033,94105,69,1460676120,5.188897819
155478,2/28/16 20:10,0,0,1,0,344985,88451,6456,94030,116604,7097,94618,48,1456719000,5.215421264
242549,4/5/16 6:46,0,0,0,0,529417,48750,2719,94104,22517,38579,94102,88,1459867560,5.222904434
178519,3/9/16 2:06,0,1,0,0,394293,48750,2719,94104,94479,24633,94117,90,1457517960,5.238200205
197777,3/16/16 16:40,0,0,0,1,434310,71625,24592,94112,69223,9993,94132,68,1458175200,5.243500517
171609,3/5/16 23:32,0,0,1,0,379252,131351,11057,94127,81768,24269,94122,77,1457249520,5.25223658
231107,3/31/16 1:14,0,0,1,0,505209,82111,31018,94110,114439,15546,94107,92,1459415640,5.2589533
171917,3/6/16 1:56,0,0,0,0,379808,22517,38579,94102,22517,38579,94102,84,1457258160,5.26927208
253411,4/9/16 18:36,1,-1,0,-1,553711,82857,20675,94118,82111,31018,94110,71,1460255760,5.273243299
170982,3/5/16 18:28,1,-1,0,-1,378080,94479,24633,94117,82111,31018,94110,87,1457231280,5.284490917
171566,3/5/16 23:14,0,0,0,0,379209,35427,50764,94108,163949,15033,94105,100,1457248440,5.314221057
180117,3/9/16 17:31,0,0,0,0,397349,22517,38579,94102,77058,6340,94080,90,1457573460,5.32140606
233459,4/1/16 0:22,0,-1,1,-1,510233,76952,30278,94115,35427,50764,94108,80,1459498920,5.324104114
203380,3/18/16 17:45,0,0,0,1,446466,48750,2719,94104,63125,3018,94710,90,1458351900,5.338868299
272927,4/18/16 13:39,1,0,0,1,594936,131351,11057,94127,114439,15546,94107,70,1461015540,5.354247106
149455,2/26/16 2:17,1,0,0,0,332591,82111,31018,94110,60722,46737,94109,76,1456481820,5.36271851
231378,3/31/16 2:20,0,0,1,0,505679,22517,38579,94102,94479,24633,94117,80,1459419600,5.377731558
261940,4/13/16 4:45,1,0,0,0,570782,56716,16175,94134,94479,24633,94117,63,1460551500,5.381500309
267672,4/15/16 18:03,0,-1,0,-1,584302,31116,23288,94704,72756,13662,94121,67,1460772180,5.411795768
202537,3/18/16 6:35,0,0,1,0,444382,94479,24633,94117,114689,22028,94114,75,1458311700,5.414841834
200797,3/17/16 18:59,0,0,0,0,440720,35427,50764,94108,82195,7938,94158,95,1458269940,5.419553495
248604,4/7/16 19:04,1,0,0,1,543680,96889,12939,94131,35427,50764,94108,57,1460084640,5.419849259
204758,3/19/16 1:59,1,0,0,0,449044,114689,22028,94114,48750,2719,94104,85,1458381540,5.429032618
181405,3/10/16 2:15,1,0,0,0,400194,94479,24633,94117,43364,17630,94103,81,1457604900,5.438891754
186150,3/11/16 20:34,1,0,0,0,410684,82111,31018,94110,48750,2719,94104,76,1457757240,5.45134698
164227,3/3/16 2:08,0,0,1,0,363953,96889,12939,94131,131351,11057,94127,85,1456999680,5.469278751
205703,3/19/16 18:37,0,0,1,0,450707,48750,2719,94104,50485,37044,94133,90,1458441420,5.52085895
264065,4/14/16 1:45,0,0,0,0,574713,94479,24633,94117,114689,22028,94114,73,1460627100,5.535952668
181677,3/10/16 3:27,1,0,0,0,401004,81768,24269,94122,76952,30278,94115,72,1457609220,5.539833306
279348,4/20/16 23:28,0,0,1,0,609949,48750,2719,94104,82857,20675,94118,88,1461223680,5.541175013
156109,2/29/16 1:42,0,0,1,0,346079,56716,16175,94134,82111,31018,94110,69,1456738920,5.565391593
206436,3/20/16 0:40,0,-1,1,-1,452260,112650,24005,94123,76952,30278,94115,77,1458463200,5.657235837
200874,3/17/16 19:59,0,0,0,0,441137,22517,38579,94102,48750,2719,94104,82,1458273540,5.661105427
162951,3/2/16 17:21,0,0,0,1,361220,76952,30278,94115,48750,2719,94104,77,1456968060,5.663608968
172685,3/6/16 19:04,1,-1,0,-1,381265,35427,50764,94108,114689,22028,94114,90,1457319840,5.685969678
280972,4/21/16 14:55,1,0,0,0,613357,50146,7167,94124,82195,7938,94158,79,1461279300,5.717572772
131952,2/19/16 15:30,0,0,0,0,296682,94479,24633,94117,22517,38579,94102,82,1455924600,5.72082772
142561,2/23/16 16:56,0,0,0,0,317866,56716,16175,94134,43364,17630,94103,65,1456275360,5.787713714
240653,4/4/16 15:25,0,0,0,1,525206,76952,30278,94115,48750,2719,94104,82,1459812300,5.790444002
258839,4/12/16 1:27,1,-1,0,-1,564112,81768,24269,94122,69223,9993,94132,57,1460453220,5.791870135
145026,2/24/16 15:55,0,0,0,1,323074,50485,37044,94133,82195,7938,94158,86,1456358100,5.809302414
227878,3/29/16 22:21,0,0,1,0,498147,-1,-1,-1,-1,-1,-1,-1,1459318860,5.811723492
209426,3/21/16 21:16,1,-1,0,-1,458677,94479,24633,94117,88451,6456,94030,78,1458623760,5.825709968
175628,3/8/16 1:15,0,0,0,0,387607,50485,37044,94133,60722,46737,94109,94,1457428500,5.869373449
223857,3/28/16 0:45,0,-1,1,-1,488926,81768,24269,94122,31116,23288,94704,82,1459154700,5.885498457
251167,4/8/16 20:15,0,0,0,1,549550,43364,17630,94103,163949,15033,94105,74,1460175300,5.893771398
185180,3/11/16 13:50,1,0,0,1,408311,69223,9993,94132,131351,11057,94127,71,1457733000,5.895974774
162056,3/2/16 6:19,0,0,0,1,359158,71625,24592,94112,69223,9993,94132,77,1456928340,5.934996096
269868,4/16/16 18:27,1,0,0,0,588966,82195,7938,94158,79833,9630,94061,74,1460860020,5.935262853
148542,2/25/16 21:37,1,0,0,1,330974,163949,15033,94105,76952,30278,94115,69,1456465020,5.940296089
225080,3/28/16 18:07,1,0,0,1,491845,60448,6986,94544,38363,15840,94606,57,1459217220,5.945645136
161657,3/2/16 3:22,0,0,0,1,358458,26054,16226,94612,48750,2719,94104,84,1456917720,6.025456294
152652,2/27/16 4:59,0,0,0,0,339676,22517,38579,94102,112650,24005,94123,92,1456577940,6.038687132
189325,3/13/16 4:03,0,-1,0,-1,416859,114689,22028,94114,76952,30278,94115,87,1457870580,6.053019605
244702,4/6/16 2:36,0,0,1,0,534460,35427,50764,94108,22517,38579,94102,100,1459938960,6.068549828
280696,4/21/16 13:20,1,0,0,0,612616,52976,7165,94806,76960,3335,94564,47,1461273600,6.069831004
242230,4/5/16 2:14,0,1,1,0,528706,48750,2719,94104,60722,46737,94109,98,1459851240,6.07866252
156788,2/29/16 15:19,1,0,0,1,347626,81768,24269,94122,76952,30278,94115,72,1456787940,6.078714968
187940,3/12/16 16:41,0,0,1,0,414364,82857,20675,94118,81768,24269,94122,73,1457829660,6.089124912
255370,4/10/16 21:25,0,0,0,1,557416,82857,20675,94118,112650,24005,94123,73,1460352300,6.106551219
250209,4/8/16 6:06,0,-1,0,-1,547009,82857,20675,94118,112650,24005,94123,83,1460124360,6.152485898
173813,3/7/16 5:29,1,-1,0,-1,383297,114689,22028,94114,35427,50764,94108,78,1457357340,6.174437995
249061,4/7/16 23:12,0,0,1,0,544598,94479,24633,94117,94479,24633,94117,76,1460099520,6.175088281
197702,3/16/16 16:15,1,0,0,1,434143,94479,24633,94117,48750,2719,94104,73,1458173700,6.198047277
153370,2/27/16 18:54,1,0,0,0,341061,94479,24633,94117,114689,22028,94114,73,1456628040,6.227171686
163481,3/2/16 22:51,0,0,1,0,362543,82857,20675,94118,82111,31018,94110,75,1456987860,6.241036672
262449,4/13/16 15:07,0,0,0,1,572018,76952,30278,94115,48750,2719,94104,77,1460588820,6.249161294
253122,4/9/16 15:50,1,0,0,0,553120,76952,30278,94115,22517,38579,94102,80,1460245800,6.272558186
139998,2/22/16 20:49,0,0,0,0,312659,35427,50764,94108,88451,6456,94030,100,1456202940,6.274466628
243915,4/5/16 23:07,0,1,0,0,532550,50485,37044,94133,89722,10160,94111,82,1459926420,6.305027495
260303,4/12/16 17:27,0,0,0,0,567400,163949,15033,94105,35427,50764,94108,93,1460510820,6.308504829
273534,4/18/16 17:08,0,-1,0,-1,596643,114689,22028,94114,76952,30278,94115,78,1461028080,6.314265334
196866,3/16/16 4:00,0,0,0,0,431953,82857,20675,94118,112650,24005,94123,67,1458129600,6.320164413
148427,2/25/16 20:16,1,0,0,1,330668,35427,50764,94108,163949,15033,94105,84,1456460160,6.347999394
234769,4/1/16 15:11,1,0,0,0,512958,82111,31018,94110,43364,17630,94103,81,1459552260,6.353611811
241663,4/5/16 0:02,-1,-1,-1,-1,527584,81768,24269,94122,81768,24269,94122,83,1459843320,6.400396846
249023,4/7/16 22:52,0,-1,0,-1,544549,163949,15033,94105,43364,17630,94103,85,1460098320,6.408172647
171568,3/5/16 23:15,0,0,0,0,379212,56716,16175,94134,43364,17630,94103,68,1457248500,6.423478037
261154,4/13/16 0:25,0,0,0,0,569233,48750,2719,94104,22517,38579,94102,88,1460535900,6.426979703
258776,4/12/16 1:19,0,1,1,0,564024,22517,38579,94102,96889,12939,94131,84,1460452740,6.45746529
161149,3/2/16 1:27,0,-1,1,-1,357447,60722,46737,94109,35427,50764,94108,88,1456910820,6.459153007
148518,2/25/16 21:14,-1,-1,-1,-1,330906,43364,17630,94103,114439,15546,94107,71,1456463640,6.464545129
153065,2/27/16 15:55,0,0,0,1,340392,131351,11057,94127,76952,30278,94115,72,1456617300,6.472350203
251403,4/8/16 22:11,1,-1,0,-1,550022,94479,24633,94117,76952,30278,94115,76,1460182260,6.475144573
236586,4/2/16 3:04,0,0,1,0,516769,48750,2719,94104,71625,24592,94112,88,1459595040,6.476020961
135692,2/20/16 22:04,0,0,0,0,303886,82111,31018,94110,35427,50764,94108,92,1456034640,6.482503945
230152,3/30/16 19:38,0,0,0,0,503301,69223,9993,94132,35427,50764,94108,75,1459395480,6.485242685
148639,2/25/16 22:19,0,0,1,0,331150,96889,12939,94131,131351,11057,94127,85,1456467540,6.485591656
161697,3/2/16 3:33,0,0,1,0,358476,163949,15033,94105,143949,2026,94539,93,1456918380,6.526252053
250506,4/8/16 14:46,-1,0,-1,1,547818,96889,12939,94131,89722,10160,94111,78,1460155560,6.533798471
195322,3/15/16 22:58,0,-1,0,-1,429446,94479,24633,94117,114689,22028,94114,76,1458111480,6.54464125
188106,3/12/16 18:18,0,0,1,0,414710,60722,46737,94109,50485,37044,94133,83,1457835480,6.594313099
140697,2/23/16 0:59,0,1,1,0,313943,82111,31018,94110,22517,38579,94102,75,1456217940,6.598377351
191432,3/14/16 15:01,1,0,0,1,421042,114689,22028,94114,163949,15033,94105,80,1457996460,6.603230504
232787,3/31/16 19:33,0,1,0,0,508857,163949,15033,94105,72756,13662,94121,90,1459481580,6.64090611
225126,3/28/16 18:45,0,1,0,0,491964,-1,-1,-1,-1,-1,-1,-1,1459219500,6.643622452
243577,4/5/16 19:46,1,-1,0,-1,531842,55554,15926,94703,48750,2719,94104,67,1459914360,6.668739977
247587,4/7/16 5:37,0,0,1,0,541159,163949,15033,94105,82111,31018,94110,93,1460036220,6.671092849
184068,3/11/16 1:15,0,1,0,0,406255,22517,38579,94102,114689,22028,94114,84,1457687700,6.69729194
259809,4/12/16 14:51,0,0,0,1,566140,94479,24633,94117,48750,2719,94104,91,1460501460,6.699305213
273079,4/18/16 14:35,0,0,0,1,595373,50485,37044,94133,43364,17630,94103,90,1461018900,6.705360606
189281,3/13/16 3:17,0,0,1,0,416787,163949,15033,94105,50485,37044,94133,77,1457867820,6.720948961
276478,4/19/16 21:51,0,0,1,0,603605,163949,15033,94105,50485,37044,94133,90,1461131460,6.73320797
178366,3/9/16 1:36,0,0,1,0,393955,76952,30278,94115,82857,20675,94118,78,1457516160,6.742898244
179197,3/9/16 6:46,0,0,1,0,395574,114689,22028,94114,83407,17465,94116,89,1457534760,6.757084013
282708,4/22/16 1:46,-1,-1,-1,-1,616937,43364,17630,94103,163949,15033,94105,92,1461318360,6.774225656
146389,2/25/16 1:47,0,0,0,0,326336,69223,9993,94132,60722,46737,94109,74,1456393620,6.784196306
265723,4/14/16 22:38,0,0,0,0,579747,163949,15033,94105,163949,15033,94105,77,1460702280,6.78783117
274820,4/19/16 1:59,0,0,1,0,599438,48750,2719,94104,76952,30278,94115,90,1461059940,6.791945244
162112,3/2/16 7:40,-1,-1,-1,-1,359301,112650,24005,94123,35427,50764,94108,77,1456933200,6.816372781
255037,4/10/16 19:03,0,0,0,0,556879,22517,38579,94102,94479,24633,94117,81,1460343780,6.851410076
244055,4/5/16 23:52,0,1,1,0,533126,43364,17630,94103,83407,17465,94116,88,1459929120,6.851921504
255710,4/11/16 0:36,1,-1,0,-1,558100,56716,16175,94134,71739,7589,94014,62,1460363760,6.853732606
140280,2/22/16 22:54,0,0,0,0,313143,60722,46737,94109,76952,30278,94115,87,1456210440,6.856298255
192264,3/14/16 21:08,0,-1,0,-1,422939,71625,24592,94112,76978,10687,94015,72,1458018480,6.860761418
276998,4/20/16 0:31,0,1,1,0,604697,48750,2719,94104,94479,24633,94117,90,1461141060,6.873372799
273223,4/18/16 15:12,1,0,0,0,595813,71625,24592,94112,22517,38579,94102,76,1461021120,6.905514492
155420,2/28/16 19:47,1,0,0,0,344890,114689,22028,94114,22517,38579,94102,67,1456717620,6.923229009
272331,4/17/16 23:58,1,0,0,0,593687,48750,2719,94104,114689,22028,94114,78,1460966280,6.943666999
262062,4/13/16 6:56,-1,-1,-1,-1,571010,69223,9993,94132,22517,38579,94102,66,1460559360,6.944128865
199956,3/17/16 13:47,1,0,0,1,438751,81768,24269,94122,48750,2719,94104,72,1458251220,6.948705943
211170,3/22/16 14:28,0,0,0,1,461798,163949,15033,94105,94479,24633,94117,90,1458685680,6.95896151
198512,3/16/16 23:30,0,1,0,0,435907,83407,17465,94116,81768,24269,94122,66,1458199800,6.973766201
144743,2/24/16 14:46,1,0,0,0,322404,60722,46737,94109,48750,2719,94104,91,1456353960,7.031485651
168910,3/4/16 21:51,1,-1,0,-1,374237,94479,24633,94117,35427,50764,94108,71,1457157060,7.042834182
133009,2/19/16 21:02,0,1,1,0,299092,163949,15033,94105,114689,22028,94114,90,1455944520,7.046316952
237187,4/2/16 16:31,0,0,0,0,517959,38305,15173,94601,94479,24633,94117,62,1459643460,7.064036893
267411,4/15/16 15:53,0,0,0,1,583642,48750,2719,94104,114812,3099,94568,90,1460764380,7.093727666
170907,3/5/16 17:51,0,0,0,0,377960,71739,7589,94014,56656,8252,94541,56,1457229060,7.101223959
273343,4/18/16 15:45,0,0,0,1,596172,82195,7938,94158,48750,2719,94104,75,1461023100,7.108112065
157132,2/29/16 16:23,0,0,0,1,347745,83407,17465,94116,43364,17630,94103,66,1456791780,7.121107243
171166,3/5/16 20:06,0,-1,0,-1,378451,22517,38579,94102,22517,38579,94102,71,1457237160,7.128788263
185412,3/11/16 15:49,-1,-1,-1,-1,409015,35427,50764,94108,82857,20675,94118,92,1457740140,7.152154227
181002,3/10/16 0:59,-1,0,-1,1,399639,-1,-1,-1,-1,-1,-1,-1,1457600340,7.170874619
259533,4/12/16 12:51,0,0,0,0,565352,82857,20675,94118,22517,38579,94102,78,1460494260,7.171304219
146102,2/25/16 0:39,0,0,1,0,325803,131351,11057,94127,69223,9993,94132,77,1456389540,7.175905206
150956,2/26/16 19:19,0,1,1,0,336500,48750,2719,94104,114439,15546,94107,88,1456543140,7.202146146
277362,4/20/16 1:57,-1,-1,-1,-1,605382,76952,30278,94115,114689,22028,94114,77,1461146220,7.220610511
161283,3/2/16 1:53,0,0,0,0,356770,48750,2719,94104,43364,17630,94103,78,1456912380,7.254431284
171355,3/5/16 21:40,0,0,1,0,378839,76952,30278,94115,60722,46737,94109,75,1457242800,7.274041813
277650,4/20/16 4:02,0,0,1,0,605925,69223,9993,94132,83407,17465,94116,70,1461153720,7.280040291
202935,3/18/16 15:06,0,1,0,0,445369,26054,16226,94612,48750,2719,94104,80,1458342360,7.310635962
205998,3/19/16 21:11,1,0,0,0,451484,83407,17465,94116,114689,22028,94114,73,1458450660,7.312854397
146449,2/25/16 2:00,0,-1,1,-1,326550,94479,24633,94117,56716,16175,94134,76,1456394400,7.330604821
168830,3/4/16 21:02,0,0,0,1,374072,69223,9993,94132,143320,1209,94129,54,1457154120,7.343127567
210880,3/22/16 5:32,-1,-1,-1,-1,461384,163949,15033,94105,22517,38579,94102,90,1458653520,7.367217964
246512,4/6/16 23:37,1,0,0,0,538822,76952,30278,94115,60722,46737,94109,78,1460014620,7.381087015
182685,3/10/16 16:04,1,0,0,0,403270,60722,46737,94109,138884,1918,94920,91,1457654640,7.382004575
202968,3/18/16 15:14,0,0,0,1,445463,76952,30278,94115,89722,10160,94111,78,1458342840,7.410655441
223500,3/27/16 20:56,0,0,0,0,488123,76952,30278,94115,22517,38579,94102,77,1459140960,7.412827238
202693,3/18/16 13:48,1,0,0,0,444717,76952,30278,94115,112650,24005,94123,77,1458337680,7.426839187
233707,4/1/16 1:18,0,-1,0,-1,510710,50485,37044,94133,89722,10160,94111,85,1459502280,7.431200331
247992,4/7/16 14:56,0,0,0,1,542035,163949,15033,94105,50485,37044,94133,93,1460069760,7.446386609
280707,4/21/16 13:26,-1,-1,-1,-1,612635,82111,31018,94110,83407,17465,94116,81,1461273960,7.446753625
145696,2/24/16 21:03,1,0,0,0,324830,52787,9621,94608,163949,15033,94105,59,1456376580,7.469239732
282862,4/22/16 2:47,0,1,0,0,616740,48750,2719,94104,81768,24269,94122,90,1461322020,7.533671265
205100,3/19/16 5:36,0,-1,1,-1,449747,163949,15033,94105,82111,31018,94110,93,1458394560,7.537296321
272235,4/17/16 23:12,0,0,0,0,593484,82857,20675,94118,82111,31018,94110,72,1460963520,7.548395196
132571,2/19/16 17:42,0,0,0,0,298072,76952,30278,94115,50485,37044,94133,74,1455932520,7.548544083
218502,3/25/16 3:42,0,0,0,0,478207,82857,20675,94118,60722,46737,94109,85,1458906120,7.552008443
200463,3/17/16 15:58,0,0,1,0,440193,72756,13662,94121,94479,24633,94117,70,1458259080,7.552098456
247512,4/7/16 4:29,-1,-1,-1,-1,540967,48750,2719,94104,114689,22028,94114,88,1460032140,7.573688796
222804,3/27/16 5:31,1,0,0,0,487025,60722,46737,94109,48750,2719,94104,64,1459085460,7.591624069
211157,3/22/16 14:27,0,0,0,0,462091,163949,15033,94105,163949,15033,94105,69,1458685620,7.602345608
241381,4/4/16 22:29,0,1,0,0,526983,89722,10160,94111,35427,50764,94108,88,1459837740,7.613040717
203629,3/18/16 20:22,0,0,0,1,446989,114439,15546,94107,48750,2719,94104,74,1458361320,7.630554996
186587,3/11/16 23:51,1,0,0,0,411562,82857,20675,94118,26054,16226,94612,76,1457769060,7.634044216
133852,2/20/16 1:29,0,1,1,0,300655,26054,16226,94612,73099,4526,94546,80,1455960540,7.63690291
187318,3/12/16 3:10,0,0,1,0,413048,57433,21026,94709,81206,13487,94706,75,1457781000,7.648614996
145035,2/24/16 15:58,0,0,0,0,323130,114689,22028,94114,81768,24269,94122,78,1456358280,7.662912829
195669,3/15/16 23:59,0,1,0,0,429990,22517,38579,94102,76952,30278,94115,90,1458115140,7.69374966
156445,2/29/16 5:03,0,0,1,0,346730,114439,15546,94107,163949,15033,94105,71,1456750980,7.700735163
178823,3/9/16 3:18,0,0,0,1,394630,94479,24633,94117,114689,22028,94114,87,1457522280,7.704145203
164020,3/3/16 1:26,0,0,1,0,363640,89722,10160,94111,83407,17465,94116,93,1456997160,7.727268836
181628,3/10/16 3:13,0,0,1,0,400868,48750,2719,94104,76952,30278,94115,88,1457608380,7.747997558
238659,4/3/16 5:40,0,-1,0,-1,520765,94479,24633,94117,114689,22028,94114,76,1459690800,7.755654246
146508,2/25/16 2:13,0,0,1,0,326659,48750,2719,94104,94479,24633,94117,90,1456395180,7.757989446
173572,3/7/16 2:01,0,0,0,0,382843,163949,15033,94105,43364,17630,94103,81,1457344860,7.759964587
138474,2/22/16 3:28,1,-1,0,-1,309318,81768,24269,94122,43364,17630,94103,74,1456140480,7.762490162
255198,4/10/16 20:03,1,0,0,0,556880,72756,13662,94121,114689,22028,94114,75,1460347380,7.779670063
221226,3/26/16 10:06,0,-1,0,-1,484028,76952,30278,94115,82857,20675,94118,77,1459015560,7.781225651
267780,4/15/16 18:59,0,0,0,0,584502,143320,1209,94129,81768,24269,94122,55,1460775540,7.7820707
277609,4/20/16 3:47,0,0,1,0,605867,48750,2719,94104,22517,38579,94102,90,1461152820,7.787422372
179406,3/9/16 14:56,1,0,0,1,396047,96889,12939,94131,82195,7938,94158,83,1457564160,7.78985474
165536,3/3/16 16:36,0,-1,0,-1,366985,94479,24633,94117,89722,10160,94111,70,1457051760,7.801511226
236124,4/2/16 0:30,0,1,0,0,515829,94479,24633,94117,43364,17630,94103,76,1459585800,7.809419311
159389,3/1/16 13:44,1,0,0,1,353194,114689,22028,94114,110580,6505,94306,85,1456868640,7.81200644
186012,3/11/16 19:15,-1,-1,-1,-1,410434,50485,37044,94133,35427,50764,94108,85,1457752500,7.822773351
239188,4/3/16 19:11,1,0,0,1,521894,82857,20675,94118,114689,22028,94114,77,1459739460,7.824661177
277193,4/20/16 1:12,1,0,0,0,605056,131351,11057,94127,82111,31018,94110,70,1461143520,7.838096268
206523,3/20/16 1:23,1,0,0,0,452418,71625,24592,94112,48750,2719,94104,75,1458465780,7.848423599
208987,3/21/16 16:44,1,-1,0,-1,457880,89722,10160,94111,143320,1209,94129,85,1458607440,7.852891851
271151,4/17/16 4:16,0,-1,1,-1,591225,22517,38579,94102,81206,13487,94706,82,1460895360,7.855352967
239079,4/3/16 18:08,-1,-1,-1,-1,521662,69223,9993,94132,71739,7589,94014,63,1459735680,7.884967007
223370,3/27/16 19:36,0,0,0,0,488075,115444,3437,94025,22517,38579,94102,63,1459136160,7.886371252
219243,3/25/16 16:02,1,-1,0,-1,480092,82111,31018,94110,163949,15033,94105,81,1458950520,7.91262035
254083,4/10/16 0:27,0,0,1,0,555025,26054,16226,94612,163949,15033,94105,69,1460276820,7.924931268
226968,3/29/16 14:35,1,0,0,1,495580,114689,22028,94114,114689,22028,94114,64,1459290900,7.931233625
159510,3/1/16 15:05,0,0,0,1,353507,57433,21026,94709,57457,12820,94702,78,1456873500,7.936167995
169046,3/4/16 22:38,0,1,1,0,374435,31116,23288,94704,71510,8643,94602,66,1457159880,7.948741664
255169,4/10/16 19:57,1,0,0,0,557096,22517,38579,94102,76952,30278,94115,89,1460347020,7.963414689
146167,2/25/16 1:00,0,0,1,0,325916,35427,50764,94108,55554,15926,94703,79,1456390800,7.964546561
213916,3/23/16 15:13,1,0,0,1,468262,60722,46737,94109,48750,2719,94104,76,1458774780,7.969432903
177032,3/8/16 15:42,0,0,0,1,390570,38305,15173,94601,114439,15546,94107,56,1457480520,7.975503323
159179,3/1/16 5:34,0,0,0,0,352177,35427,50764,94108,38363,15840,94606,91,1456839240,7.996106266
192768,3/15/16 0:22,0,1,1,0,424069,50485,37044,94133,76952,30278,94115,82,1458030120,8.00987003
251965,4/9/16 0:31,0,0,1,0,551051,76952,30278,94115,114689,22028,94114,77,1460190660,8.03890123
239944,4/4/16 2:11,0,0,0,0,523149,114689,22028,94114,43364,17630,94103,89,1459764660,8.061581845
199536,3/17/16 3:08,0,0,1,0,437815,26054,16226,94612,52787,9621,94608,84,1458212880,8.08298097
187497,3/12/16 4:38,1,0,0,1,413430,82111,31018,94110,48750,2719,94104,69,1457786280,8.095861621
132791,2/19/16 19:35,0,0,0,0,298674,69223,9993,94132,69223,9993,94132,66,1455939300,8.106467931
276794,4/19/16 23:49,0,0,1,0,604250,131351,11057,94127,56716,16175,94134,72,1461138540,8.13094528
226859,3/29/16 14:04,1,0,0,1,495496,112650,24005,94123,163949,15033,94105,70,1459289040,8.133076145
145729,2/24/16 21:25,0,0,0,0,324903,82857,20675,94118,143320,1209,94129,75,1456377900,8.13532591
221433,3/26/16 16:41,1,0,0,0,484493,72848,13732,94610,40927,10116,94603,53,1459039260,8.145219379
165690,3/3/16 17:07,0,0,0,0,367102,69223,9993,94132,71625,24592,94112,73,1457053620,8.152892681
146656,2/25/16 2:51,0,0,0,0,326899,83407,17465,94116,69223,9993,94132,56,1456397460,8.161836578
269211,4/16/16 5:06,0,0,1,0,587605,143320,1209,94129,69223,9993,94132,55,1460811960,8.204676455
275157,4/19/16 4:45,0,0,0,0,600095,163949,15033,94105,52400,12420,94609,77,1461069900,8.209179242
199492,3/17/16 2:50,0,0,0,0,437208,163949,15033,94105,82857,20675,94118,77,1458211800,8.22393289
201452,3/18/16 0:06,0,1,1,0,442377,48750,2719,94104,81768,24269,94122,90,1458288360,8.237520251
193475,3/15/16 2:58,0,-1,1,-1,425314,48750,2719,94104,114439,15546,94107,90,1458039480,8.243104165
144816,2/24/16 15:07,0,0,0,0,322490,114812,3099,94568,31082,4092,94621,42,1456355220,8.24728996
253434,4/9/16 18:51,0,0,1,0,553762,35427,50764,94108,82857,20675,94118,79,1460256660,8.265372943
167904,3/4/16 15:08,1,0,0,0,371902,76952,30278,94115,96889,12939,94131,72,1457132880,8.265786146
225010,3/28/16 17:29,0,0,0,0,491711,115444,3437,94025,82111,31018,94110,63,1459214940,8.266309841
133133,2/19/16 21:51,0,-1,0,-1,298881,69223,9993,94132,69223,9993,94132,74,1455947460,8.266772503
223864,3/28/16 0:49,0,0,0,0,488961,76952,30278,94115,35427,50764,94108,70,1459154940,8.276394534
210056,3/22/16 0:36,-1,-1,-1,-1,458275,-1,-1,-1,-1,-1,-1,-1,1458635760,8.281013335
174810,3/7/16 17:41,0,0,0,1,385685,22517,38579,94102,77058,6340,94080,77,1457401260,8.300346856
266627,4/15/16 3:16,0,0,1,0,581679,35427,50764,94108,60722,46737,94109,79,1460718960,8.314896455
146363,2/25/16 1:41,0,0,1,0,326368,114689,22028,94114,83407,17465,94116,67,1456393260,8.340608605
210270,3/22/16 1:29,0,-1,0,-1,460365,94479,24633,94117,22517,38579,94102,75,1458638940,8.343400067
168355,3/4/16 17:12,1,0,0,1,373188,81768,24269,94122,22517,38579,94102,83,1457140320,8.346372448
211255,3/22/16 14:47,-1,-1,-1,-1,461693,-1,-1,-1,-1,-1,-1,-1,1458686820,8.353100256
262823,4/13/16 17:21,1,0,0,0,573147,94479,24633,94117,82857,20675,94118,80,1460596860,8.375988146
162254,3/2/16 14:49,1,0,0,1,359646,81768,24269,94122,48750,2719,94104,72,1456958940,8.382649007
181611,3/10/16 3:09,0,0,1,0,400785,163949,15033,94105,35427,50764,94108,78,1457608140,8.393051052
275980,4/19/16 16:07,1,0,0,1,602304,76952,30278,94115,48750,2719,94104,81,1461110820,8.393842931
256180,4/11/16 12:22,1,-1,0,-1,558968,94479,24633,94117,114689,22028,94114,71,1460406120,8.410793475
196352,3/16/16 1:08,0,0,0,0,430951,-1,-1,-1,-1,-1,-1,-1,1458119280,8.415691789
229827,3/30/16 16:05,0,0,0,1,502444,163949,15033,94105,48750,2719,94104,74,1459382700,8.421577425
202495,3/18/16 5:40,0,0,1,0,444288,131351,11057,94127,96889,12939,94131,61,1458308400,8.427256581
142569,2/23/16 16:59,1,0,0,1,317895,114689,22028,94114,43364,17630,94103,88,1456275540,8.445499329
272451,4/18/16 1:09,0,0,1,0,593947,81206,13487,94706,31116,23288,94704,65,1460970540,8.453700603
222322,3/27/16 0:29,0,0,0,0,486199,163949,15033,94105,22517,38579,94102,85,1459067340,8.487708648
167931,3/4/16 15:17,0,0,0,0,371868,35427,50764,94108,48750,2719,94104,100,1457133420,8.503399457
173479,3/7/16 1:21,0,0,0,0,382723,76952,30278,94115,52400,12420,94609,79,1457342460,8.508746898
182110,3/10/16 6:24,0,0,1,0,401810,31082,4092,94621,114439,15546,94107,68,1457619840,8.561999405
211801,3/22/16 17:54,1,0,0,1,463739,94479,24633,94117,35427,50764,94108,76,1458698040,8.567759338
133962,2/20/16 1:56,0,0,1,0,300876,22517,38579,94102,94479,24633,94117,84,1455962160,8.569062387
232466,3/31/16 16:28,1,0,0,1,508148,22517,38579,94102,94479,24633,94117,91,1459470480,8.570093557
223239,3/27/16 18:20,1,0,0,0,487872,82857,20675,94118,35427,50764,94108,78,1459131600,8.57314322
249792,4/8/16 1:57,0,0,0,0,546067,35427,50764,94108,114689,22028,94114,100,1460109420,8.606206244
233943,4/1/16 2:26,1,0,0,0,511179,94479,24633,94117,82111,31018,94110,75,1459506360,8.610217689
133404,2/19/16 23:41,0,1,0,0,299459,163949,15033,94105,96919,10205,94086,90,1455954060,8.658496681
223063,3/27/16 16:23,1,0,0,0,487533,82857,20675,94118,82857,20675,94118,88,1459124580,8.666113336
259623,4/12/16 14:01,-1,-1,-1,-1,565604,-1,-1,-1,-1,-1,-1,-1,1460498460,8.684569814
128660,2/18/16 16:59,1,0,0,1,290988,82111,31018,94110,48750,2719,94104,68,1455843540,8.698056663
154691,2/28/16 4:42,0,-1,1,-1,343484,72756,13662,94121,94479,24633,94117,59,1456663320,8.709287523
224498,3/28/16 14:38,0,0,0,0,489715,96919,10205,94086,91808,6724,94085,43,1459204680,8.739135219
146837,2/25/16 3:47,0,1,1,0,327302,22517,38579,94102,52400,12420,94609,84,1456400820,8.743929372
271556,4/17/16 16:30,0,-1,0,-1,591956,82857,20675,94118,143320,1209,94129,61,1460939400,8.825732996
182078,3/10/16 6:05,0,0,1,0,401692,82195,7938,94158,96889,12939,94131,77,1457618700,8.841671825
265780,4/14/16 22:57,0,0,0,1,579912,72756,13662,94121,22517,38579,94102,60,1460703420,8.848640819
190481,3/13/16 23:56,0,0,0,0,419150,22517,38579,94102,50485,37044,94133,90,1457942160,8.862727897
200593,3/17/16 16:44,0,0,0,0,440483,69223,9993,94132,48750,2719,94104,66,1458261840,8.898606085
205664,3/19/16 18:21,-1,-1,-1,-1,450831,48750,2719,94104,112650,24005,94123,90,1458440460,8.903560682
157362,2/29/16 17:26,1,0,0,1,349089,82111,31018,94110,48750,2719,94104,83,1456795560,8.923804909
210629,3/22/16 3:02,0,1,1,0,460939,163949,15033,94105,94479,24633,94117,90,1458644520,8.937564438
231506,3/31/16 3:13,1,1,0,0,505920,22517,38579,94102,114689,22028,94114,93,1459422780,8.959443269
168816,3/4/16 20:54,0,0,0,1,374051,69223,9993,94132,94479,24633,94117,74,1457153640,8.973969257
173578,3/7/16 2:06,0,0,0,0,382843,163949,15033,94105,43364,17630,94103,77,1457345160,8.978581066
213354,3/23/16 5:00,1,-1,0,-1,466943,114439,15546,94107,43364,17630,94103,73,1458738000,9.008182681
280063,4/21/16 2:03,1,0,0,0,611392,22517,38579,94102,163949,15033,94105,79,1461232980,9.05112803
133639,2/20/16 0:52,-1,-1,-1,-1,300318,57457,12820,94702,114689,22028,94114,65,1455958320,9.059832601
228976,3/30/16 3:49,0,0,1,0,500362,22517,38579,94102,94479,24633,94117,89,1459338540,9.068298015
151268,2/26/16 21:54,0,1,0,0,337102,50485,37044,94133,35427,50764,94108,86,1456552440,9.069741333
237064,4/2/16 14:50,0,0,0,0,517691,114689,22028,94114,76952,30278,94115,91,1459637400,9.086094686
173443,3/7/16 1:09,1,0,0,0,382629,81768,24269,94122,82111,31018,94110,83,1457341740,9.117678208
266591,4/15/16 3:01,0,0,1,0,581630,112650,24005,94123,114689,22028,94114,82,1460718060,9.119597659
223176,3/27/16 17:49,0,0,0,0,487752,22517,38579,94102,22517,38579,94102,85,1459129740,9.12673051
281952,4/21/16 22:42,1,0,0,1,615671,82857,20675,94118,94479,24633,94117,88,1461307320,9.13543453
252390,4/9/16 1:58,0,0,1,0,551757,50485,37044,94133,112650,24005,94123,94,1460195880,9.142054625
243920,4/5/16 23:08,0,0,1,0,532822,35427,50764,94108,83407,17465,94116,100,1459926480,9.149854895
204412,3/19/16 0:35,0,0,0,0,447976,35427,50764,94108,60722,46737,94109,96,1458376500,9.183135144
180068,3/9/16 17:14,0,0,0,0,397523,22517,38579,94102,35427,50764,94108,92,1457572440,9.185245124
202889,3/18/16 14:59,1,0,0,1,445242,84466,4995,94530,163949,15033,94105,65,1458341940,9.188410171
239853,4/4/16 1:06,0,-1,0,-1,522720,35427,50764,94108,50485,37044,94133,99,1459760760,9.223109144
253270,4/9/16 17:27,1,0,0,0,553436,114439,15546,94107,50485,37044,94133,62,1460251620,9.235279796
147890,2/25/16 16:31,1,-1,0,-1,329126,87001,4795,94536,250001,14715,95053,54,1456446660,9.24786645
211130,3/22/16 14:18,1,0,0,1,462058,56716,16175,94134,163949,15033,94105,71,1458685080,9.296507888
137374,2/21/16 19:17,0,0,0,0,307409,35427,50764,94108,131351,11057,94127,96,1456111020,9.319964197
193019,3/15/16 1:04,0,0,1,0,424529,69223,9993,94132,131351,11057,94127,66,1458032640,9.344873642
246546,4/6/16 23:42,0,1,0,0,538790,114689,22028,94114,22517,38579,94102,82,1460014920,9.37737865
205936,3/19/16 20:45,-1,-1,-1,-1,451377,48750,2719,94104,94479,24633,94117,79,1458449100,9.38565088
253444,4/9/16 18:54,0,-1,0,-1,553776,72756,13662,94121,72756,13662,94121,70,1460256840,9.397060647
217103,3/24/16 20:08,0,1,0,0,475449,35427,50764,94108,35427,50764,94108,79,1458878880,9.400412216
271962,4/17/16 20:27,1,0,0,0,592813,112650,24005,94123,76952,30278,94115,64,1460953620,9.414865354
259107,4/12/16 2:22,0,0,0,1,564177,114439,15546,94107,163949,15033,94105,69,1460456520,9.416344653
219345,3/25/16 16:58,0,-1,0,-1,480366,71625,24592,94112,82857,20675,94118,74,1458953880,9.430966937
148003,2/25/16 16:54,0,0,0,1,329749,50485,37044,94133,35427,50764,94108,92,1456448040,9.431211542
248293,4/7/16 16:15,0,0,0,1,542498,-1,-1,-1,-1,-1,-1,-1,1460074500,9.432824329
253269,4/9/16 17:26,-1,-1,-1,-1,553424,88451,6456,94030,69223,9993,94132,30,1460251560,9.432854832
277953,4/20/16 13:32,-1,-1,-1,-1,606468,82111,31018,94110,83407,17465,94116,92,1461187920,9.449950543
235972,4/1/16 23:55,0,1,1,0,515511,163949,15033,94105,81768,24269,94122,90,1459583700,9.458586266
233536,4/1/16 0:36,0,1,0,0,510368,82195,7938,94158,163949,15033,94105,77,1459499760,9.462383473
171904,3/6/16 1:50,1,0,0,0,379776,82857,20675,94118,76952,30278,94115,75,1457257800,9.477077368
207568,3/20/16 21:16,0,1,1,0,454595,112650,24005,94123,72848,13732,94610,76,1458537360,9.483617261
238391,4/3/16 2:15,-1,-1,-1,-1,520130,-1,-1,-1,-1,-1,-1,-1,1459678500,9.483663672
265059,4/14/16 15:47,1,0,0,1,578177,114689,22028,94114,89722,10160,94111,71,1460677620,9.507743029
185712,3/11/16 16:58,0,0,0,1,409758,94479,24633,94117,163949,15033,94105,78,1457744280,9.591346115
201388,3/17/16 23:54,-1,-1,-1,-1,442258,163949,15033,94105,35427,50764,94108,90,1458287640,9.594729978
255659,4/11/16 0:05,0,0,0,0,558003,88451,6456,94030,26054,16226,94612,58,1460361900,9.607707105
222870,3/27/16 6:44,0,0,1,0,487129,83407,17465,94116,83407,17465,94116,73,1459089840,9.616139383
223365,3/27/16 19:33,0,0,0,0,487984,55554,15926,94703,82111,31018,94110,70,1459135980,9.617568086
174835,3/7/16 18:00,0,0,0,1,385749,82111,31018,94110,163949,15033,94105,83,1457402400,9.661099658
183146,3/10/16 18:31,-1,-1,-1,-1,404354,143320,1209,94129,110221,1379,94941,55,1457663460,9.669113188
250057,4/8/16 4:17,1,0,0,0,546704,38305,15173,94601,57433,21026,94709,61,1460117820,9.717863803
241162,4/4/16 20:27,0,1,1,0,526527,-1,-1,-1,-1,-1,-1,-1,1459830420,9.723293271
279263,4/20/16 23:01,0,-1,0,-1,609760,71625,24592,94112,71739,7589,94014,74,1461222060,9.730979085
227553,3/29/16 18:30,0,1,1,0,497412,43364,17630,94103,82111,31018,94110,74,1459305000,9.740599394
190341,3/13/16 22:32,0,0,0,0,418853,112650,24005,94123,112650,24005,94123,82,1457937120,9.757431066
128817,2/18/16 17:36,0,1,1,0,291230,48750,2719,94104,94479,24633,94117,88,1455845760,9.800254797
254571,4/10/16 7:27,0,0,1,0,555842,69223,9993,94132,114812,3099,94568,70,1460302020,9.800541567
277925,4/20/16 13:05,0,0,0,1,606464,163949,15033,94105,110580,6505,94306,85,1461186300,9.802331246
210078,3/22/16 0:39,0,0,0,0,458902,82857,20675,94118,35427,50764,94108,75,1458635940,9.805202617
129521,2/18/16 22:02,0,0,0,0,292470,83407,17465,94116,83407,17465,94116,79,1455861720,9.810742875
137617,2/21/16 21:05,0,0,0,0,307802,76952,30278,94115,114689,22028,94114,78,1456117500,9.810897338
179114,3/9/16 5:42,1,0,0,1,395423,81768,24269,94122,22517,38579,94102,83,1457530920,9.825067329
254481,4/10/16 5:22,0,0,1,0,555777,48750,2719,94104,71510,8643,94602,90,1460294520,9.832624978
147279,2/25/16 7:51,0,-1,1,-1,328033,94479,24633,94117,43364,17630,94103,80,1456415460,9.837720069
139036,2/22/16 15:24,1,0,0,0,310479,131351,11057,94127,72756,13662,94121,72,1456183440,9.840217026
191043,3/14/16 12:40,0,0,0,1,420128,48750,2719,94104,82195,7938,94158,90,1457988000,9.869813599
210065,3/22/16 0:37,0,0,1,0,459902,163949,15033,94105,163949,15033,94105,90,1458635820,9.877134606
180061,3/9/16 17:11,0,0,1,0,397617,35427,50764,94108,82111,31018,94110,79,1457572260,9.891430892
263809,4/14/16 0:45,0,-1,1,-1,575245,48750,2719,94104,94479,24633,94117,88,1460623500,9.916482469
183480,3/10/16 21:31,0,0,1,0,405049,71625,24592,94112,83407,17465,94116,72,1457674260,9.918716301
238927,4/3/16 16:22,0,-1,0,-1,521282,112650,24005,94123,22517,38579,94102,74,1459729320,9.929148672
133931,2/20/16 1:46,0,0,0,0,300783,89722,10160,94111,50485,37044,94133,93,1455961560,9.949877153
261584,4/13/16 2:03,0,0,1,0,570054,131351,11057,94127,83407,17465,94116,77,1460541780,9.963675724
216805,3/24/16 16:40,0,0,0,0,474732,22517,38579,94102,88451,6456,94030,90,1458866400,9.967662186
199760,3/17/16 5:09,0,-1,0,-1,438254,56656,8252,94541,71625,24592,94112,73,1458220140,9.987013562
151031,2/26/16 20:02,0,-1,0,-1,336668,48750,2719,94104,35427,50764,94108,90,1456545720,10.01981267
213910,3/23/16 15:13,0,0,0,0,468152,94479,24633,94117,77058,6340,94080,76,1458774780,10.0286814
225800,3/29/16 0:16,0,0,1,0,493364,48750,2719,94104,82111,31018,94110,85,1459239360,10.0470292
264568,4/14/16 9:58,0,0,1,0,576752,82857,20675,94118,82857,20675,94118,60,1460656680,10.07552957
139001,2/22/16 15:16,1,0,0,1,310386,81768,24269,94122,48750,2719,94104,74,1456182960,10.11841878
196423,3/16/16 1:23,0,0,1,0,431088,22517,38579,94102,50485,37044,94133,89,1458120180,10.13532689
166461,3/3/16 23:50,0,-1,1,-1,368533,163949,15033,94105,69223,9993,94132,90,1457077800,10.14557697
152340,2/27/16 2:50,0,0,0,0,337852,94479,24633,94117,114689,22028,94114,77,1456570200,10.17126644
154194,2/28/16 0:56,0,-1,1,-1,342617,163949,15033,94105,86227,5131,94597,93,1456649760,10.18173643
198126,3/16/16 20:29,0,-1,0,-1,435089,131351,11057,94127,96889,12939,94131,59,1458188940,10.19767929
140387,2/22/16 23:31,0,1,0,0,313225,48750,2719,94104,76952,30278,94115,77,1456212660,10.23801454
174163,3/7/16 15:22,1,0,0,1,384052,56656,8252,94541,48750,2719,94104,63,1457392920,10.24705692
135632,2/20/16 21:38,0,0,0,0,304019,81768,24269,94122,81768,24269,94122,82,1456033080,10.25976234
261714,4/13/16 2:48,0,0,0,0,570296,94479,24633,94117,112650,24005,94123,75,1460544480,10.26017593
154901,2/28/16 7:24,0,0,1,0,343823,48750,2719,94104,82111,31018,94110,90,1456673040,10.28811898
168466,3/4/16 17:41,1,0,0,0,373361,76952,30278,94115,96889,12939,94131,72,1457142060,10.29999402
252339,4/9/16 1:46,0,0,1,0,551694,35427,50764,94108,112650,24005,94123,96,1460195160,10.30126006
236171,4/2/16 0:40,0,-1,0,-1,515900,94479,24633,94117,112650,24005,94123,75,1459586400,10.3198049
227752,3/29/16 21:00,1,-1,0,-1,497856,69076,7780,94501,52400,12420,94609,68,1459314000,10.32892463
149383,2/26/16 1:57,0,0,0,0,332641,89722,10160,94111,163949,15033,94105,85,1456480620,10.33286592
195291,3/15/16 22:50,0,0,0,1,429386,56716,16175,94134,56716,16175,94134,66,1458111000,10.33581909
226847,3/29/16 13:59,1,0,0,0,495456,69223,9993,94132,22517,38579,94102,66,1459288740,10.33626101
246830,4/7/16 0:40,0,0,0,0,539488,-1,-1,-1,-1,-1,-1,-1,1460018400,10.34929696
142855,2/23/16 19:18,0,0,0,0,318115,163949,15033,94105,163949,15033,94105,74,1456283880,10.35742284
167019,3/4/16 2:07,1,-1,0,-1,370077,43364,17630,94103,72756,13662,94121,88,1457086020,10.38830887
157950,2/29/16 23:24,0,0,1,0,350295,76978,10687,94015,69223,9993,94132,47,1456817040,10.39017206
229794,3/30/16 15:53,1,0,0,0,501952,94479,24633,94117,163949,15033,94105,80,1459381980,10.39204091
274717,4/19/16 1:35,0,-1,0,-1,599029,114689,22028,94114,94479,24633,94117,78,1461058500,10.42579185
272124,4/17/16 21:57,0,0,0,0,593141,69223,9993,94132,81768,24269,94122,66,1460959020,10.44622561
163982,3/3/16 1:14,0,0,1,0,363469,82111,31018,94110,71510,8643,94602,92,1456996440,10.45637667
277837,4/20/16 5:53,0,-1,1,-1,606238,163949,15033,94105,96889,12939,94131,81,1461160380,10.49255275
165313,3/3/16 15:54,0,0,0,1,366423,56716,16175,94134,48750,2719,94104,69,1457049240,10.49517268
229284,3/30/16 13:40,0,0,0,1,501039,22517,38579,94102,83407,17465,94116,90,1459374000,10.50824191
176207,3/8/16 2:56,0,1,1,0,388664,163949,15033,94105,50485,37044,94133,74,1457434560,10.52312713
255430,4/10/16 22:05,0,0,0,0,557491,35427,50764,94108,114689,22028,94114,95,1460354700,10.56751944
254327,4/10/16 3:42,0,0,1,0,555580,22517,38579,94102,69223,9993,94132,85,1460288520,10.56893158
204999,3/19/16 4:18,0,0,1,0,449320,35427,50764,94108,60722,46737,94109,100,1458389880,10.61153003
179641,3/9/16 15:51,1,0,0,1,396621,81768,24269,94122,22517,38579,94102,83,1457567460,10.62124794
235571,4/1/16 21:28,0,0,0,0,514648,163949,15033,94105,82195,7938,94158,77,1459574880,10.62820465
136265,2/21/16 1:44,0,-1,0,-1,304749,22517,38579,94102,22517,38579,94102,91,1456047840,10.64345477
275425,4/19/16 14:03,0,0,0,1,600582,22517,38579,94102,49261,6485,94804,74,1461103380,10.64558968
217546,3/24/16 23:42,0,0,0,0,476379,38363,15840,94606,26054,16226,94612,68,1458891720,10.67516373
275103,4/19/16 4:12,0,0,1,0,600029,71625,24592,94112,37500,2883,94130,75,1461067920,10.68798786
208103,3/21/16 3:31,0,1,1,0,455620,60722,46737,94109,81768,24269,94122,83,1458559860,10.69304907
170609,3/5/16 8:18,0,1,1,0,377328,60722,46737,94109,81768,24269,94122,83,1457194680,10.71391846
221554,3/26/16 17:56,1,0,0,0,484771,82111,31018,94110,110221,1379,94941,77,1459043760,10.72551877
155737,2/28/16 22:25,0,0,1,0,345512,94479,24633,94117,114689,22028,94114,78,1456727100,10.72783852
234304,4/1/16 5:12,0,0,1,0,511839,82111,31018,94110,72756,13662,94121,76,1459516320,10.73491862
253193,4/9/16 16:34,1,0,0,0,553257,94479,24633,94117,114439,15546,94107,70,1460248440,10.74247677
164706,3/3/16 3:56,0,0,1,0,364853,22517,38579,94102,81768,24269,94122,72,1457006160,10.74288852
262089,4/13/16 11:44,1,0,0,0,571068,56716,16175,94134,48750,2719,94104,69,1460576640,10.74615129
145851,2/24/16 22:45,0,0,0,0,325177,83407,17465,94116,82111,31018,94110,66,1456382700,10.74774204
207446,3/20/16 19:59,0,0,0,0,454368,114689,22028,94114,50485,37044,94133,67,1458532740,10.76659862
185068,3/11/16 6:40,0,1,1,0,408088,48750,2719,94104,114689,22028,94114,90,1457707200,10.77236296
195416,3/15/16 23:18,0,0,1,0,429619,83407,17465,94116,52976,7165,94806,84,1458112680,10.77792294
142962,2/23/16 20:34,1,0,0,0,318772,76952,30278,94115,114689,22028,94114,78,1456288440,10.79144619
134810,2/20/16 9:45,1,0,0,1,302384,52787,9621,94608,163949,15033,94105,67,1455990300,10.80454727
283501,4/22/16 14:59,0,0,0,0,618289,63184,4017,95110,91808,6724,94085,46,1461365940,10.80835171
169442,3/5/16 0:58,0,1,0,0,375281,48750,2719,94104,35427,50764,94108,90,1457168280,10.82297872
152596,2/27/16 4:30,0,0,1,0,339589,22517,38579,94102,94479,24633,94117,82,1456576200,10.82650447
209138,3/21/16 18:15,-1,0,-1,1,458153,82111,31018,94110,43364,17630,94103,92,1458612900,10.84103881
266923,4/15/16 7:17,0,-1,0,-1,582237,26054,16226,94612,117475,2123,94566,62,1460733420,10.85997009
176448,3/8/16 4:38,0,0,1,0,389116,48750,2719,94104,76952,30278,94115,90,1457440680,10.87078934
150331,2/26/16 15:33,1,0,0,0,334828,83407,17465,94116,50485,37044,94133,84,1456529580,10.88875379
215165,3/24/16 0:24,0,0,1,0,471052,48750,2719,94104,60722,46737,94109,88,1458807840,10.91059762
182045,3/10/16 5:56,0,0,1,0,401708,35427,50764,94108,50485,37044,94133,94,1457618160,10.91813435
268090,4/15/16 21:41,0,0,1,0,585161,114689,22028,94114,114689,22028,94114,85,1460785260,10.92757257
247355,4/7/16 2:57,-1,-1,-1,-1,540585,72756,13662,94121,72756,13662,94121,75,1460026620,10.93263473
265491,4/14/16 20:11,0,0,0,1,579315,43364,17630,94103,43364,17630,94103,92,1460693460,10.93697423
201378,3/17/16 23:52,0,0,0,0,441932,83407,17465,94116,131351,11057,94127,83,1458287520,10.95231014
266517,4/15/16 2:27,1,-1,0,-1,581473,82111,31018,94110,114689,22028,94114,81,1460716020,10.96354966
206831,3/20/16 6:04,0,-1,1,-1,453103,52787,9621,94608,81206,13487,94706,69,1458482640,11.0034868
275644,4/19/16 15:02,1,0,0,1,601441,94479,24633,94117,22517,38579,94102,76,1461106920,11.00557198
276131,4/19/16 17:14,0,-1,0,-1,602713,69223,9993,94132,82111,31018,94110,72,1461114840,11.03609525
271229,4/17/16 5:05,-1,-1,-1,-1,591306,96889,12939,94131,22517,38579,94102,60,1460898300,11.05839531
196800,3/16/16 3:30,0,-1,0,-1,431818,163949,15033,94105,35427,50764,94108,90,1458127800,11.0793496
241377,4/4/16 22:27,-1,-1,-1,-1,526977,69223,9993,94132,50485,37044,94133,66,1459837620,11.11824803
211524,3/22/16 15:42,1,0,0,1,463072,81768,24269,94122,48750,2719,94104,83,1458690120,11.1749355
155110,2/28/16 16:19,1,0,0,0,344272,22517,38579,94102,138884,1918,94920,82,1456705140,11.17518712
131198,2/19/16 4:43,0,0,1,0,294976,82195,7938,94158,82111,31018,94110,77,1455885780,11.17622421
225500,3/28/16 22:55,0,0,0,0,492762,91808,6724,94085,94479,24633,94117,32,1459234500,11.17845953
197351,3/16/16 14:51,0,-1,0,-1,433173,94479,24633,94117,43364,17630,94103,75,1458168660,11.21238543
196730,3/16/16 2:54,1,-1,0,-1,431649,82111,31018,94110,82111,31018,94110,89,1458125640,11.23396657
216833,3/24/16 16:50,0,0,0,1,474784,26054,16226,94612,50485,37044,94133,68,1458867000,11.24812628
172145,3/6/16 4:28,0,-1,1,-1,380209,163949,15033,94105,81768,24269,94122,77,1457267280,11.28643216
218316,3/25/16 2:41,0,-1,1,-1,477897,82111,31018,94110,76952,30278,94115,78,1458902460,11.36126846
210520,3/22/16 2:26,0,-1,0,-1,460780,50485,37044,94133,138884,1918,94920,86,1458642360,11.37113164
261576,4/13/16 1:59,0,0,0,0,570031,112650,24005,94123,94479,24633,94117,77,1460541540,11.3788554
222590,3/27/16 2:39,1,-1,0,-1,486632,72848,13732,94610,26054,16226,94612,64,1459075140,11.39076243
190639,3/14/16 1:14,0,0,0,0,419338,35427,50764,94108,31082,4092,94621,95,1457946840,11.39326372
205360,3/19/16 15:25,1,0,0,0,450272,82857,20675,94118,143320,1209,94129,77,1458429900,11.42187861
255802,4/11/16 1:20,0,1,0,0,558220,112650,24005,94123,35427,50764,94108,79,1460366400,11.43566541
251991,4/9/16 0:34,1,0,0,0,550853,131351,11057,94127,82111,31018,94110,72,1460190840,11.46896629
218571,3/25/16 4:13,0,0,0,0,478341,43364,17630,94103,43364,17630,94103,92,1458907980,11.46936315
224195,3/28/16 5:03,0,-1,0,-1,489490,88451,6456,94030,22517,38579,94102,48,1459170180,11.54842854
170454,3/5/16 6:20,0,0,1,0,377072,82857,20675,94118,163949,15033,94105,83,1457187600,11.56942794
235240,4/1/16 18:27,0,0,0,0,514046,26054,16226,94612,22517,38579,94102,62,1459564020,11.61743236
227230,3/29/16 15:38,0,0,0,1,496558,94479,24633,94117,163949,15033,94105,75,1459294680,11.63356009
170686,3/5/16 11:29,1,0,0,0,377429,82857,20675,94118,56716,16175,94134,77,1457206140,11.64279405
233518,4/1/16 0:33,0,1,1,0,510338,163949,15033,94105,22517,38579,94102,93,1459499580,11.66947136
274335,4/19/16 0:22,0,1,0,0,598201,76952,30278,94115,82857,20675,94118,79,1461054120,11.68287249
250093,4/8/16 4:47,0,-1,0,-1,546812,82857,20675,94118,138884,1918,94920,66,1460119620,11.68482238
281252,4/21/16 15:59,1,0,0,1,614098,76952,30278,94115,43364,17630,94103,77,1461283140,11.68840383
282168,4/22/16 0:00,0,0,0,0,616156,48750,2719,94104,81206,13487,94706,90,1461312000,11.69283196
236477,4/2/16 2:06,0,0,0,0,516470,48750,2719,94104,94479,24633,94117,90,1459591560,11.76031224
174414,3/7/16 16:13,0,0,0,1,384723,22517,38579,94102,48750,2719,94104,97,1457395980,11.77461398
224585,3/28/16 15:00,1,0,0,0,490572,78911,6787,94066,48750,2719,94104,61,1459206000,11.78907416
182799,3/10/16 16:25,0,0,0,1,403524,81768,24269,94122,163949,15033,94105,77,1457655900,11.78971974
133254,2/19/16 22:38,0,0,0,1,299526,69223,9993,94132,22517,38579,94102,66,1455950280,11.81470798
227300,3/29/16 16:00,0,0,0,0,496743,131351,11057,94127,48750,2719,94104,81,1459296000,11.8395503
158070,3/1/16 0:07,0,0,1,0,350535,48750,2719,94104,82195,7938,94158,79,1456819620,11.86183851
248750,4/7/16 20:33,0,1,0,0,543995,112650,24005,94123,52400,12420,94609,82,1460089980,11.86237887
151121,2/26/16 20:51,-1,0,-1,1,336855,35427,50764,94108,50485,37044,94133,100,1456548660,11.86327021
200687,3/17/16 17:31,0,0,1,0,440675,163949,15033,94105,94479,24633,94117,84,1458264660,11.90328751
170925,3/5/16 18:00,0,0,1,0,378003,35427,50764,94108,50485,37044,94133,100,1457229600,11.98811598
273754,4/18/16 20:06,-1,-1,-1,-1,597161,76952,30278,94115,35427,50764,94108,82,1461038760,11.98930185
161804,3/2/16 4:10,0,0,1,0,358736,26054,16226,94612,71510,8643,94602,82,1456920600,12.00254343
179662,3/9/16 15:54,1,0,0,1,396666,76952,30278,94115,48750,2719,94104,72,1457567640,12.01661396
258706,4/12/16 1:12,0,1,1,0,563444,35427,50764,94108,76952,30278,94115,90,1460452320,12.04081996
204152,3/18/16 23:42,0,0,1,0,447952,35427,50764,94108,94479,24633,94117,79,1458373320,12.07848483
185943,3/11/16 18:20,0,0,0,0,410230,31082,4092,94621,35427,50764,94108,24,1457749200,12.11472857
149209,2/26/16 1:24,0,-1,1,-1,332351,48750,2719,94104,94479,24633,94117,90,1456478640,12.12914793
227848,3/29/16 21:59,1,1,0,0,498062,114439,15546,94107,82111,31018,94110,63,1459317540,12.17153037
202849,3/18/16 14:48,1,0,0,1,445173,94479,24633,94117,22517,38579,94102,76,1458341280,12.18755117
143655,2/24/16 1:26,-1,-1,-1,-1,320294,43364,17630,94103,76952,30278,94115,91,1456305960,12.21951263
275738,4/19/16 15:18,0,0,0,1,601685,94479,24633,94117,48750,2719,94104,87,1461107880,12.22574087
144288,2/24/16 4:18,1,0,0,0,321521,76952,30278,94115,81768,24269,94122,73,1456316280,12.24761074
151385,2/26/16 22:54,-1,-1,-1,-1,337208,35427,50764,94108,112650,24005,94123,91,1456556040,12.26363644
159495,3/1/16 15:01,1,0,0,1,353511,82857,20675,94118,163949,15033,94105,77,1456873260,12.2790923
188305,3/12/16 19:51,1,0,0,0,415084,22517,38579,94102,34345,2465,95113,91,1457841060,12.2879562
245931,4/6/16 17:56,0,1,0,0,537503,48750,2719,94104,35427,50764,94108,88,1459994160,12.29472569
223796,3/28/16 0:10,1,-1,0,-1,488865,35427,50764,94108,82857,20675,94118,93,1459152600,12.30217425
157814,2/29/16 22:14,1,-1,0,-1,350063,69223,9993,94132,81768,24269,94122,66,1456812840,12.30495685
238346,4/3/16 1:50,0,0,0,1,520146,81768,24269,94122,48750,2719,94104,82,1459677000,12.30993882
259383,4/12/16 5:00,0,0,1,0,565078,82857,20675,94118,81768,24269,94122,64,1460466000,12.31280241
137625,2/21/16 21:09,0,-1,1,-1,307844,114689,22028,94114,82111,31018,94110,77,1456117740,12.33182227
149285,2/26/16 1:37,0,0,1,0,332434,71625,24592,94112,114689,22028,94114,68,1456479420,12.33244031
189531,3/13/16 7:04,-1,-1,-1,-1,417316,48750,2719,94104,76952,30278,94115,90,1457881440,12.34281874
246347,4/6/16 22:35,0,0,0,0,538467,69223,9993,94132,81768,24269,94122,66,1460010900,12.34319409
239414,4/3/16 21:06,1,0,0,1,522319,131351,11057,94127,22517,38579,94102,71,1459746360,12.36125175
169677,3/5/16 1:39,-1,-1,-1,-1,375683,60722,46737,94109,50485,37044,94133,88,1457170740,12.37378063
250887,4/8/16 16:49,1,0,0,1,548885,35427,50764,94108,50485,37044,94133,94,1460162940,12.37618749
138535,2/22/16 4:16,1,0,0,0,309425,94479,24633,94117,114812,3099,94568,76,1456143360,12.37681939
231027,3/31/16 0:53,0,0,0,0,504979,163949,15033,94105,52400,12420,94609,93,1459414380,12.3788492
185116,3/11/16 7:57,-1,0,-1,1,408196,88451,6456,94030,35427,50764,94108,58,1457711820,12.38071691
207165,3/20/16 17:41,1,0,0,0,453878,81768,24269,94122,69223,9993,94132,68,1458524460,12.38501172
280848,4/21/16 14:25,1,0,0,1,613018,56656,8252,94541,89722,10160,94111,47,1461277500,12.39556674
262173,4/13/16 13:47,1,0,0,0,571320,31116,23288,94704,88451,6456,94030,72,1460584020,12.44030834
179163,3/9/16 6:13,0,0,1,0,395500,35427,50764,94108,60722,46737,94109,91,1457532780,12.4557639
141396,2/23/16 3:25,0,-1,0,-1,315130,56716,16175,94134,56716,16175,94134,68,1456226700,12.46563579
189079,3/13/16 1:19,0,0,1,0,416448,22517,38579,94102,69223,9993,94132,77,1457860740,12.485987
169511,3/5/16 1:10,1,0,0,0,375125,76952,30278,94115,114689,22028,94114,68,1457169000,12.5274283
215194,3/24/16 0:30,1,0,0,0,471110,43364,17630,94103,22517,38579,94102,88,1458808200,12.53219388
136891,2/21/16 7:52,1,0,0,0,306479,163949,15033,94105,22517,38579,94102,69,1456069920,12.53573588
208000,3/21/16 2:13,0,0,1,0,455445,81768,24269,94122,60722,46737,94109,82,1458555180,12.53976241
254551,4/10/16 6:30,0,0,1,0,555883,22517,38579,94102,82857,20675,94118,88,1460298600,12.54587102
144347,2/24/16 4:43,0,1,1,0,321636,82195,7938,94158,81768,24269,94122,76,1456317780,12.56067193
234301,4/1/16 5:11,0,0,1,0,511833,131351,11057,94127,82857,20675,94118,59,1459516260,12.57844799
269906,4/16/16 18:38,0,0,0,0,589025,56716,16175,94134,35427,50764,94108,69,1460860680,12.58586606
165339,3/3/16 16:00,1,0,0,1,366501,76952,30278,94115,48750,2719,94104,75,1457049600,12.58802318
272237,4/17/16 23:12,1,0,0,0,593503,71510,8643,94602,76952,30278,94115,52,1460963520,12.59361053
244951,4/6/16 4:46,1,-1,0,-1,534969,94479,24633,94117,88451,6456,94030,75,1459946760,12.60283907
200308,3/17/16 15:24,0,0,0,0,439810,163949,15033,94105,22517,38579,94102,74,1458257040,12.62369672
283064,4/22/16 4:50,0,0,0,0,617878,60722,46737,94109,22517,38579,94102,83,1461329400,12.63903795
152933,2/27/16 9:19,0,0,1,0,340225,96889,12939,94131,94479,24633,94117,65,1456593540,12.65908085
206590,3/20/16 2:07,0,0,1,0,452544,26054,16226,94612,81768,24269,94122,78,1458468420,12.6663967
279619,4/21/16 0:32,0,0,1,0,610067,83407,17465,94116,71625,24592,94112,83,1461227520,12.67324705
157168,2/29/16 16:31,-1,-1,-1,-1,348563,88451,6456,94030,114689,22028,94114,30,1456792260,12.71216985
257339,4/11/16 21:50,1,-1,0,-1,561819,131351,11057,94127,71625,24592,94112,71,1460440200,12.72635418
270188,4/16/16 20:37,0,-1,0,-1,589380,-1,-1,-1,-1,-1,-1,-1,1460867820,12.73305804
227787,3/29/16 21:26,1,0,0,0,497937,114689,22028,94114,76952,30278,94115,88,1459315560,12.75089369
138201,2/22/16 1:21,0,0,0,0,308793,22517,38579,94102,22517,38579,94102,85,1456132860,12.75289839
268128,4/15/16 21:55,0,1,0,0,585212,48750,2719,94104,88451,6456,94030,85,1460786100,12.75870892
266574,4/15/16 2:52,0,0,1,0,581601,122473,6921,94301,114689,22028,94114,53,1460717520,12.77951427
204295,3/19/16 0:13,0,0,0,0,448198,52787,9621,94608,49261,6485,94804,60,1458375180,12.78642164
265646,4/14/16 21:48,1,-1,0,-1,579626,94479,24633,94117,163949,15033,94105,76,1460699280,12.79317703
131016,2/19/16 3:55,1,0,0,0,295231,52787,9621,94608,52400,12420,94609,67,1455882900,12.84445774
274171,4/18/16 23:47,-1,-1,-1,-1,598154,35427,50764,94108,72756,13662,94121,84,1461052020,12.85898284
212753,3/23/16 1:06,0,0,0,0,465792,72756,13662,94121,94479,24633,94117,70,1458723960,12.87002086
265775,4/14/16 22:56,0,-1,1,-1,579427,163949,15033,94105,94479,24633,94117,77,1460703360,12.88340957
220146,3/25/16 23:42,0,-1,0,-1,482056,35427,50764,94108,43364,17630,94103,92,1458978120,12.95855078
234837,4/1/16 15:26,0,0,0,0,513126,82111,31018,94110,94479,24633,94117,85,1459553160,12.96988813
176630,3/8/16 6:29,0,0,1,0,389545,114689,22028,94114,82111,31018,94110,84,1457447340,13.00255173
253140,4/9/16 16:03,0,-1,0,-1,553151,52400,12420,94609,89722,10160,94111,66,1460246580,13.00923193
156974,2/29/16 15:58,0,-1,0,-1,348126,60722,46737,94109,86227,5131,94597,79,1456790280,13.03379274
267739,4/15/16 18:40,0,0,0,0,584429,69223,9993,94132,82195,7938,94158,74,1460774400,13.05410251
218113,3/25/16 1:31,-1,-1,-1,-1,477442,114689,22028,94114,96889,12939,94131,64,1458898260,13.06065201
255201,4/10/16 20:05,1,-1,0,-1,557127,72756,13662,94121,35427,50764,94108,70,1460347500,13.08694146
179004,3/9/16 4:43,0,1,1,0,395224,82195,7938,94158,163949,15033,94105,60,1457527380,13.13478251
184384,3/11/16 2:09,0,0,1,0,406822,48750,2719,94104,112650,24005,94123,88,1457690940,13.13568578
188923,3/13/16 0:09,0,-1,1,-1,416156,82111,31018,94110,114689,22028,94114,78,1457856540,13.13732353
139912,2/22/16 20:09,0,1,0,0,312508,48750,2719,94104,94479,24633,94117,88,1456200540,13.14024518
260370,4/12/16 18:15,1,0,1,0,567446,94479,24633,94117,94479,24633,94117,85,1460513700,13.15368572
135156,2/20/16 18:10,1,0,0,0,303035,56716,16175,94134,26054,16226,94612,66,1456020600,13.2375571
239089,4/3/16 18:14,1,-1,0,-1,521677,57433,21026,94709,138884,1918,94920,75,1459736040,13.24321906
270891,4/17/16 1:34,0,0,0,0,590704,89722,10160,94111,76952,30278,94115,82,1460885640,13.25501412
138387,2/22/16 2:42,0,-1,0,-1,309189,69223,9993,94132,35427,50764,94108,75,1456137720,13.25938193
214928,3/23/16 23:31,-1,-1,-1,-1,470516,163949,15033,94105,163949,15033,94105,90,1458804660,13.30752425
255557,4/10/16 23:16,0,1,1,0,557807,109775,3503,94010,50146,7167,94124,59,1460358960,13.31065242
211964,3/22/16 20:04,-1,-1,-1,-1,464086,50485,37044,94133,50485,37044,94133,85,1458705840,13.32891061
266166,4/15/16 0:35,0,0,0,1,580648,163949,15033,94105,48750,2719,94104,74,1460709300,13.33829758
147010,2/25/16 4:49,0,0,1,0,327602,82195,7938,94158,94479,24633,94117,77,1456404540,13.38465056
190770,3/14/16 3:09,1,0,0,0,419575,82857,20675,94118,22517,38579,94102,70,1457953740,13.39611788
233606,4/1/16 0:53,0,0,1,0,510352,131351,11057,94127,83407,17465,94116,77,1459500780,13.41328417
248795,4/7/16 21:06,0,0,1,0,544113,110580,6505,94306,81768,24269,94122,52,1460091960,13.42287109
141271,2/23/16 2:50,0,1,1,0,315018,76952,30278,94115,72848,13732,94610,75,1456224600,13.43144717
234098,4/1/16 3:21,1,0,0,0,511406,35427,50764,94108,82195,7938,94158,91,1459509660,13.4376275
178486,3/9/16 2:01,0,0,0,0,394228,131351,11057,94127,71625,24592,94112,69,1457517660,13.44271056
273843,4/18/16 21:00,0,0,0,1,597377,32856,4260,94607,52787,9621,94608,70,1461042000,13.45516567
259992,4/12/16 15:30,0,0,0,1,566624,48750,2719,94104,50485,37044,94133,90,1460503800,13.46601947
177865,3/8/16 22:49,0,0,0,0,392572,94479,24633,94117,91808,6724,94085,82,1457506140,13.48530094
150862,2/26/16 18:16,0,0,0,0,336243,131351,11057,94127,112650,24005,94123,72,1456539360,13.48982732
138709,2/22/16 6:46,1,0,0,0,309740,81768,24269,94122,31082,4092,94621,79,1456152360,13.5097352
129376,2/18/16 21:16,0,0,0,0,292327,22517,38579,94102,22517,38579,94102,85,1455858960,13.53130647
185206,3/11/16 14:22,1,0,0,0,408419,69223,9993,94132,94479,24633,94117,66,1457734920,13.57036385
281606,4/21/16 18:57,0,0,0,0,614827,79833,9630,94061,115444,3437,94025,58,1461293820,13.57732723
170053,3/5/16 3:01,1,0,0,0,376302,69223,9993,94132,50146,7167,94124,66,1457175660,13.58412974
165338,3/3/16 16:00,1,0,0,1,366499,81768,24269,94122,82195,7938,94158,62,1457049600,13.59918385
184070,3/11/16 1:15,0,0,1,0,406261,48750,2719,94104,56716,16175,94134,88,1457687700,13.6024989
279008,4/20/16 21:08,0,0,1,0,609245,114689,22028,94114,94479,24633,94117,89,1461215280,13.61162787
260181,4/12/16 16:25,0,0,0,0,567143,71625,24592,94112,114689,22028,94114,72,1460507100,13.63171737
259891,4/12/16 15:09,0,0,0,1,566365,163949,15033,94105,48750,2719,94104,74,1460502540,13.63538142
274824,4/19/16 2:01,1,0,0,0,599462,96889,12939,94131,163949,15033,94105,78,1461060060,13.66495101
235491,4/1/16 20:47,0,0,0,1,514538,82857,20675,94118,143320,1209,94129,60,1459572420,13.70712525
136498,2/21/16 3:15,0,0,0,0,305706,26054,16226,94612,38363,15840,94606,84,1456053300,13.71055087
182185,3/10/16 7:35,1,0,0,1,401954,114689,22028,94114,22517,38579,94102,64,1457624100,13.7128265
173956,3/7/16 8:52,1,0,0,0,383494,82111,31018,94110,163949,15033,94105,81,1457369520,13.71935513
243865,4/5/16 22:42,0,0,0,0,532672,63388,5441,94577,40927,10116,94603,69,1459924920,13.74162814