num_input,Proportion,leads_to_phil,total_articles
1,1,27,27
2,1,42,42
3,1,53,53
4,0.883333333,53,60
5,0.9,63,70
6,0.904109589,66,73
7,0.913580247,74,81
8,0.927835052,90,97
9,0.9,90,100
10,0.904761905,95,105
11,0.915254237,108,118
12,0.92248062,119,129
13,0.927536232,128,138
14,0.931034483,135,145
15,0.936708861,148,158
16,0.925,148,160
17,0.928571429,156,168
18,0.931428571,163,175
19,0.937823834,181,193
20,0.9408867,191,203
21,0.943925234,202,214
22,0.945454545,208,220
23,0.947136564,215,227
24,0.926724138,215,232
25,0.927659574,218,235
26,0.930894309,229,246
27,0.931451613,231,248
28,0.932539683,235,252
29,0.93359375,239,256
30,0.936090226,249,266
31,0.936802974,252,269
32,0.929889299,252,271
33,0.930656934,255,274
34,0.931654676,259,278
35,0.932862191,264,283
36,0.933797909,268,287
37,0.935153584,274,293
38,0.925675676,274,296
39,0.926910299,279,301
40,0.928338762,285,307
41,0.930379747,294,316
42,0.91588785,294,321
43,0.917177914,299,326
44,0.917682927,301,328
45,0.918918919,306,333
46,0.919881306,310,337
47,0.911764706,310,340
48,0.901162791,310,344
49,0.902017291,313,347
50,0.904225352,321,355
51,0.905555556,326,360
52,0.906849315,331,365
53,0.909814324,343,377
54,0.910994764,348,382
55,0.913043478,357,391
56,0.914786967,365,399
57,0.916049383,371,405
58,0.916666667,374,408
59,0.918072289,381,415
60,0.919047619,386,420
61,0.920745921,395,429
62,0.921658986,400,434
63,0.923766816,412,446
64,0.924276169,415,449
65,0.924611973,417,451
66,0.925438596,422,456
67,0.925925926,425,459
68,0.92688172,431,465
69,0.927813163,437,471
70,0.928421053,441,475
71,0.924528302,441,477
72,0.926380368,453,489
73,0.927855711,463,499
74,0.928712871,469,505
75,0.929133858,472,508
76,0.929824561,477,513
77,0.930097087,479,515
78,0.921153846,479,520
79,0.921904762,484,525
80,0.920152091,484,526
81,0.920754717,488,530
82,0.921052632,490,532
83,0.910780669,490,538
84,0.911275416,493,541
85,0.91160221,495,543
86,0.908256881,495,545
87,0.909747292,504,554
88,0.910714286,510,560
89,0.911816578,517,567
90,0.912434326,521,571
91,0.912587413,522,572
92,0.912891986,524,574
93,0.901893287,524,581
94,0.903061224,531,588
95,0.903225806,532,589
96,0.903716216,535,592
97,0.904682274,541,598
98,0.905,543,600
99,0.905315615,545,602
100,0.905940594,549,606
101,0.906557377,553,610
102,0.907317073,558,615
103,0.908653846,567,624
104,0.909379968,572,629
105,0.910094637,577,634
106,0.910798122,582,639
107,0.911764706,589,646
108,0.912037037,591,648
109,0.912307692,593,650
110,0.912844037,597,654
111,0.910060976,597,656
112,0.910334347,599,658
113,0.910606061,601,660
114,0.911144578,605,664
115,0.911940299,611,670
116,0.912462908,615,674
117,0.912592593,616,675
118,0.912850812,618,677
119,0.910162003,618,679
120,0.910688141,622,683
121,0.911078717,625,686
122,0.911337209,627,688
123,0.902158273,627,695
124,0.902298851,628,696
125,0.90299572,633,701
126,0.904225352,642,710
127,0.902953586,642,711
128,0.897902098,642,715
129,0.89818689,644,717
130,0.898611111,647,720
131,0.899031812,650,723
132,0.899310345,652,725
133,0.9,657,730
134,0.901217862,666,739
135,0.901617251,669,742
136,0.895582329,669,747
137,0.896276596,674,752
138,0.897368421,682,760
139,0.897771953,685,763
140,0.898039216,687,765
141,0.8984375,690,768
142,0.898701299,692,770
143,0.899224806,696,774
144,0.893453145,696,779
145,0.892307692,696,780
146,0.892857143,700,784
147,0.891719745,700,785
148,0.887198986,700,789
149,0.888331242,708,797
150,0.887218045,708,798
151,0.887359199,709,799
152,0.888475836,717,807
153,0.889298893,723,813
154,0.890243902,730,820
155,0.890510949,732,822
156,0.890776699,734,824
157,0.891566265,740,830
158,0.891696751,741,831
159,0.891956783,743,833
160,0.892215569,745,835
161,0.892473118,747,837
162,0.892857143,750,840
163,0.893111639,752,842
164,0.893364929,754,844
165,0.893491124,755,845
166,0.892434988,755,846
167,0.892815077,758,849
168,0.89306698,760,851
169,0.893192488,761,852
170,0.892145369,761,853
171,0.891100703,761,854
172,0.891481914,764,857
173,0.891860465,767,860
174,0.893103448,777,870
175,0.893835616,783,876
176,0.894077449,785,878
177,0.895388076,796,889
178,0.894382022,796,890
179,0.89532294,804,898
180,0.895671476,807,901
181,0.896703297,816,910
182,0.89726776,821,915
183,0.897714908,825,919
184,0.898378378,831,925
185,0.898706897,834,928
186,0.898924731,836,930
187,0.89957265,842,936
188,0.9,846,940
189,0.900318134,849,943
190,0.896515312,849,947
191,0.896733404,851,949
192,0.897382199,857,955
193,0.897703549,860,958
194,0.896767466,860,959
195,0.897409326,866,965
196,0.897727273,869,968
197,0.897938144,871,970
198,0.898252826,874,973
199,0.896410256,874,975
200,0.896833504,878,979
201,0.897357724,883,984
202,0.897565923,885,986
203,0.897669706,886,987
204,0.898082745,890,991
205,0.898696088,896,997
206,0.898898899,898,999
207,0.899201597,901,1002
208,0.898305085,901,1003
209,0.898809524,906,1008
210,0.899009901,908,1010
211,0.899408284,912,1014
212,0.899705015,915,1017
213,0.900097943,919,1021
214,0.900487805,923,1025
215,0.899610136,923,1026
216,0.899902818,926,1029
217,0.900290416,930,1033
218,0.900675024,934,1037
219,0.900770713,935,1038
220,0.901623687,944,1047
221,0.899904671,944,1049
222,0.900190114,947,1052
223,0.900473934,950,1055
224,0.899621212,950,1056
225,0.899905571,953,1059
226,0.900656045,961,1067
227,0.901027077,965,1071
228,0.901303538,968,1074
229,0.901578459,971,1077
230,0.90176089,973,1079
231,0.902033272,976,1082
232,0.90212373,977,1083
233,0.901291513,977,1084
234,0.901473297,979,1086
235,0.901834862,983,1090
236,0.902193784,987,1094
237,0.902461258,990,1097
238,0.902638763,992,1099
239,0.90299184,996,1103
240,0.903342367,1000,1107
241,0.903429603,1001,1108
242,0.903776978,1005,1112
243,0.904121864,1009,1116
244,0.90437891,1012,1119
245,0.903571429,1012,1120
246,0.903743316,1014,1122
247,0.903829029,1015,1123
248,0.904340124,1021,1129
249,0.904424779,1022,1130
250,0.90459364,1024,1132
251,0.904929577,1028,1136
252,0.905096661,1030,1138
253,0.90034965,1030,1144
254,0.900610288,1033,1147
255,0.90078329,1035,1149
256,0.900955691,1037,1151
257,0.899392888,1037,1153
258,0.899740709,1041,1157
259,0.900086133,1045,1161
260,0.900429185,1049,1165
261,0.900769889,1053,1169
262,0.898464164,1053,1172
263,0.898723404,1056,1175
264,0.898895497,1058,1177
265,0.899237934,1062,1181
266,0.899408284,1064,1183
267,0.89983165,1069,1188
268,0.900083963,1072,1191
269,0.90041841,1076,1195
270,0.900584795,1078,1197
271,0.900833333,1081,1200
272,0.901080632,1084,1203
273,0.899585062,1084,1205
274,0.899668325,1085,1206
275,0.900082576,1090,1211
276,0.900247321,1092,1213
277,0.895816243,1092,1219
278,0.89624183,1097,1224
279,0.896663954,1102,1229
280,0.896915584,1105,1232
281,0.897082658,1107,1234
282,0.897249191,1109,1236
283,0.895799677,1109,1238
284,0.896135266,1113,1242
285,0.896218825,1114,1243
286,0.896882494,1122,1251
287,0.896964856,1123,1252
288,0.89553429,1123,1254
289,0.895700637,1125,1256
290,0.895866455,1127,1258
291,0.896278702,1132,1263
292,0.897012579,1141,1272
293,0.897254902,1144,1275
294,0.897335423,1145,1276
295,0.897576231,1148,1279
296,0.89765625,1149,1280
297,0.897975078,1153,1284
298,0.898212898,1156,1287
299,0.898449612,1159,1290
300,0.898685228,1162,1293
301,0.898841699,1164,1295
302,0.898997687,1166,1297
303,0.899153195,1168,1299
304,0.899616858,1174,1305
305,0.899770467,1176,1307
306,0.899082569,1176,1308
307,0.897025172,1176,1311
308,0.893617021,1176,1316
309,0.894019682,1181,1321
310,0.894179894,1183,1323
311,0.894339623,1185,1325
312,0.894657637,1189,1329
313,0.894973743,1193,1333
314,0.894302849,1193,1334
315,0.894461078,1195,1336
316,0.895011169,1202,1343
317,0.895089286,1203,1344
318,0.894423792,1203,1345
319,0.894580549,1205,1347
320,0.894814815,1208,1350
321,0.895202952,1213,1355
322,0.895280236,1214,1356
323,0.895664952,1219,1361
324,0.895970696,1223,1365
325,0.896046852,1224,1366
326,0.896274653,1227,1369
327,0.896802326,1234,1376
328,0.896952104,1236,1378
329,0.897546898,1244,1386
330,0.897620764,1245,1387
331,0.898426323,1256,1398
332,0.89871612,1260,1402
333,0.898932384,1263,1405
334,0.899147727,1266,1408
335,0.899575672,1272,1414
336,0.89640592,1272,1419
337,0.896551724,1274,1421
338,0.896769663,1277,1424
339,0.896986685,1280,1427
340,0.897130861,1282,1429
341,0.897346369,1285,1432
342,0.89748954,1287,1434
343,0.897845726,1292,1439
344,0.897222222,1292,1440
345,0.897364771,1294,1442
346,0.897435897,1295,1443
347,0.895573997,1295,1446
348,0.895718232,1297,1448
349,0.895862069,1299,1450
350,0.894628099,1299,1452
351,0.895061728,1305,1458
352,0.895133653,1306,1459
353,0.891467577,1306,1465
354,0.891615542,1308,1467
355,0.891836735,1311,1470
356,0.891983696,1313,1472
357,0.892276423,1317,1476
358,0.892422192,1319,1478
359,0.892857143,1325,1484
360,0.891655451,1325,1486
361,0.891873741,1328,1489
362,0.892379679,1335,1496
363,0.89245157,1336,1497
364,0.892738175,1340,1501
365,0.892952128,1343,1504
366,0.893518519,1351,1512
367,0.893588896,1352,1513
368,0.893659181,1353,1514
369,0.891304348,1353,1518
370,0.891447368,1355,1520
371,0.890861275,1355,1521
372,0.891004596,1357,1523
373,0.891503268,1364,1530
374,0.89178618,1368,1534
375,0.891856678,1369,1535
376,0.891927083,1370,1536
377,0.892137752,1373,1539
378,0.891558442,1373,1540
379,0.891628812,1374,1541
380,0.891050584,1374,1542
381,0.891121192,1375,1543
382,0.891402715,1379,1547
383,0.891542931,1381,1549
384,0.891822279,1385,1553
385,0.891961415,1387,1555
386,0.890243902,1387,1558
387,0.890524968,1391,1562
388,0.890804598,1395,1566
389,0.891013384,1398,1569
390,0.891152132,1400,1571
391,0.891428571,1404,1575
392,0.891566265,1406,1577
393,0.89170361,1408,1579
394,0.891139241,1408,1580
395,0.888888889,1408,1584
396,0.88776797,1408,1586
397,0.888331242,1416,1594
398,0.88875,1422,1600
399,0.889096573,1427,1605
400,0.889234599,1429,1607
401,0.888681592,1429,1608
402,0.888750777,1430,1609
403,0.888819876,1431,1610
404,0.888888889,1432,1611
405,0.889164087,1436,1615
406,0.889232673,1437,1616
407,0.889710413,1444,1623
408,0.889778325,1445,1624
409,0.890116636,1450,1629
410,0.89025138,1452,1631
411,0.890452876,1455,1634
412,0.890653635,1458,1637
413,0.890720391,1459,1638
414,0.890787065,1460,1639
415,0.889701402,1460,1641
416,0.889159562,1460,1642
417,0.889428919,1464,1646
418,0.889563107,1466,1648
419,0.88976378,1469,1651
420,0.889897157,1471,1653
421,0.88721351,1471,1658
422,0.885611078,1471,1661
423,0.885679904,1472,1662
424,0.885147324,1472,1663
425,0.885354142,1475,1666
426,0.885491607,1477,1668
427,0.884431138,1477,1670
428,0.882845188,1477,1673
429,0.882985075,1479,1675
430,0.880881477,1479,1679
431,0.881093936,1482,1682
432,0.881376038,1486,1686
433,0.881446354,1487,1687
434,0.881516588,1488,1688
435,0.88179669,1492,1692
436,0.882560188,1503,1703
437,0.882766706,1506,1706
438,0.880701754,1506,1710
439,0.880841121,1508,1712
440,0.881188119,1513,1717
441,0.881670534,1520,1724
442,0.881944444,1524,1728
443,0.882012724,1525,1729
444,0.882080925,1526,1730
445,0.882352941,1530,1734
446,0.883161512,1542,1746
447,0.883295195,1544,1748
448,0.883628066,1549,1753
449,0.884025014,1555,1759
450,0.884156729,1557,1761
451,0.884288145,1559,1763
452,0.884550085,1563,1767
453,0.884680611,1565,1769
454,0.884940778,1569,1773
455,0.885264342,1574,1778
456,0.885393258,1576,1780
457,0.885650224,1580,1784
458,0.885969816,1585,1789
459,0.886287625,1590,1794
460,0.885300668,1590,1796
461,0.885555556,1594,1800
462,0.885063853,1594,1801
463,0.885191348,1596,1803
464,0.885635359,1603,1810
465,0.885887541,1607,1814
466,0.886013216,1609,1816
467,0.885525592,1609,1817
468,0.882611081,1609,1823
469,0.882675439,1610,1824
470,0.882932166,1614,1828
471,0.882996173,1615,1829
472,0.883378747,1621,1835
473,0.882416984,1621,1837
474,0.882480958,1622,1838
475,0.882863341,1628,1844
476,0.8830536,1631,1847
477,0.882575758,1631,1848
478,0.882829374,1635,1852
479,0.882892607,1636,1853
480,0.883144857,1640,1857
481,0.883333333,1643,1860
482,0.883396024,1644,1861
483,0.883895131,1652,1869
484,0.884081197,1655,1872
485,0.884204909,1657,1874
486,0.883733333,1657,1875
487,0.883919063,1660,1878
488,0.8841042,1663,1881
489,0.884288747,1666,1884
490,0.884595024,1671,1889
491,0.884717081,1673,1891
492,0.885142255,1680,1898
493,0.885504202,1686,1904
494,0.885744235,1690,1908
495,0.885863874,1692,1910
496,0.8859236,1693,1911
497,0.886042865,1695,1913
498,0.886221294,1698,1916
499,0.886399166,1701,1919
500,0.886753247,1707,1925
501,0.885832901,1707,1927
502,0.886010363,1710,1930
503,0.886363636,1716,1936
504,0.886539453,1719,1939
505,0.88688946,1725,1945
506,0.887179487,1730,1950
507,0.88741044,1734,1954
508,0.887525562,1736,1956
509,0.887640449,1738,1958
510,0.887697805,1739,1959
511,0.887869521,1742,1962
512,0.886513995,1742,1965
513,0.88674454,1746,1969
514,0.885844749,1746,1971
515,0.885902637,1747,1972
516,0.886133603,1751,1976
517,0.885237614,1751,1978
518,0.885353535,1753,1980
519,0.885469223,1755,1982
520,0.885584677,1757,1984
521,0.885814889,1761,1988
522,0.885929648,1763,1990
523,0.886158475,1767,1994
524,0.886215539,1768,1995
525,0.886272545,1769,1996
526,0.886386386,1771,1998
527,0.886613387,1775,2002
528,0.886783042,1778,2005
529,0.886839482,1779,2006
530,0.886952191,1781,2008
531,0.887064677,1783,2010
532,0.887232986,1786,2013
533,0.887400794,1789,2016
534,0.887512389,1791,2018
535,0.887734916,1795,2022
536,0.887901235,1798,2025
537,0.88817734,1803,2030
538,0.888506876,1809,2036
539,0.888888889,1816,2043
540,0.889106009,1820,2047
541,0.889376218,1825,2052
542,0.88721439,1825,2057
543,0.886352598,1825,2059
544,0.886517944,1828,2062
545,0.886682809,1831,2065
546,0.886792453,1833,2067
547,0.886847195,1834,2068
548,0.886956522,1836,2070
549,0.887228916,1841,2075
550,0.887337506,1843,2077
551,0.887662026,1849,2083
552,0.887931034,1854,2088
553,0.888145315,1858,2092
554,0.88867745,1868,2102
555,0.888888889,1872,2106
556,0.887203791,1872,2110
557,0.88757676,1879,2117
558,0.887841659,1884,2122
559,0.887894489,1885,2123
560,0.888,1887,2125
561,0.888210427,1891,2129
562,0.88852459,1897,2135
563,0.888576779,1898,2136
564,0.887745557,1898,2138
565,0.887850467,1900,2140
566,0.888111888,1905,2145
567,0.888320149,1909,2149
568,0.888372093,1910,2150
569,0.888579387,1914,2154
570,0.888888889,1920,2160
571,0.888991674,1922,2162
572,0.88909427,1924,2164
573,0.889247808,1927,2167
574,0.889400922,1930,2170
575,0.889451865,1931,2171
576,0.889553613,1933,2173
577,0.889756546,1937,2177
578,0.889908257,1940,2180
579,0.889958735,1941,2181
580,0.890009166,1942,2182
581,0.89010989,1944,2184
582,0.890160183,1945,2185
583,0.889346136,1945,2187
584,0.88959854,1950,2192
585,0.889799636,1954,2196
586,0.890099909,1960,2202
587,0.890249433,1963,2205
588,0.889442682,1963,2207
589,0.889039855,1963,2208
590,0.889240506,1967,2212
591,0.888437218,1967,2214
592,0.888487585,1968,2215
593,0.888588182,1970,2217
594,0.888738739,1973,2220
595,0.888888889,1976,2223
596,0.888988764,1978,2225
597,0.889138241,1981,2228
598,0.889187977,1982,2229
599,0.889485459,1988,2235
600,0.889633601,1991,2238
601,0.889879626,1996,2243
602,0.889928699,1997,2244
603,0.890075656,2000,2247
604,0.888099467,2000,2252
605,0.888149134,2001,2253
606,0.888198758,2002,2254
607,0.888347364,2005,2257
608,0.888446215,2007,2259
609,0.888495575,2008,2260
610,0.888643394,2011,2263
611,0.888790821,2014,2266
612,0.888888889,2016,2268
613,0.888986784,2018,2270
614,0.889035667,2019,2271
615,0.889182058,2022,2274
616,0.88801054,2022,2277
617,0.888059701,2023,2278
618,0.88810882,2024,2279
619,0.888157895,2025,2280
620,0.888500219,2032,2287
621,0.888646288,2035,2290
622,0.888791976,2038,2293
623,0.888888889,2040,2295
624,0.888937282,2041,2296
625,0.889226759,2047,2302
626,0.889514731,2053,2308
627,0.88961039,2055,2310
628,0.889753567,2058,2313
629,0.889943893,2062,2317
630,0.89003881,2064,2319
631,0.889271866,2064,2321
632,0.889509888,2069,2326
633,0.889604811,2071,2328
634,0.889699571,2073,2330
635,0.88974689,2074,2331
636,0.889841406,2076,2333
637,0.890076989,2081,2338
638,0.89017094,2083,2340
639,0.890451833,2089,2346
640,0.890545145,2091,2348
641,0.890591741,2092,2349
642,0.890684815,2094,2351
643,0.890306122,2094,2352
644,0.89039932,2096,2354
645,0.888135593,2096,2360
646,0.888277613,2099,2363
647,0.888419273,2102,2366
648,0.888560574,2105,2369
649,0.888607595,2106,2370
650,0.887858347,2106,2372
651,0.887952822,2108,2374
652,0.888235294,2114,2380
653,0.888422819,2118,2384
654,0.888749477,2125,2391
655,0.888888889,2128,2394
656,0.888935282,2129,2395
657,0.888981636,2130,2396
658,0.889212828,2135,2401
659,0.888842631,2135,2402
660,0.888981289,2138,2405
661,0.889027431,2139,2406
662,0.889119601,2141,2408
663,0.888750519,2141,2409
664,0.888888889,2144,2412
665,0.889026915,2147,2415
666,0.889164599,2150,2418
667,0.889301941,2153,2421
668,0.889438944,2156,2424
669,0.889484536,2157,2425
670,0.889621087,2160,2428
671,0.889711934,2162,2430
672,0.888980263,2162,2432
673,0.889162562,2166,2436
674,0.887704918,2166,2440
675,0.887796888,2168,2442
676,0.887888707,2170,2444
677,0.888071895,2174,2448
678,0.888208894,2177,2451
679,0.888300041,2179,2453
680,0.888345558,2180,2454
681,0.888481888,2183,2457
682,0.88857259,2185,2459
683,0.888753553,2189,2463
684,0.888843813,2191,2465
685,0.888933928,2193,2467
686,0.889023896,2195,2469
687,0.888663968,2195,2470
688,0.888754045,2197,2472
689,0.888933764,2201,2476
690,0.889023406,2203,2478
691,0.889202256,2207,2482
692,0.889246879,2208,2483
693,0.889380531,2211,2486
694,0.889469453,2213,2488
695,0.889602569,2216,2491
696,0.888176353,2216,2495
697,0.887464958,2216,2497
698,0.887555022,2218,2499
699,0.887644942,2220,2501
700,0.886935677,2220,2503
701,0.887161085,2225,2508
702,0.887295898,2228,2511
703,0.887519873,2233,2516
704,0.887653831,2236,2519
705,0.88778747,2239,2522
706,0.887876387,2241,2524
707,0.887965162,2243,2526
708,0.888274773,2250,2533
709,0.88840694,2253,2536
710,0.888494878,2255,2538
711,0.887445887,2255,2541
712,0.887490165,2256,2542
713,0.887666929,2260,2546
714,0.887843137,2264,2550
715,0.888062622,2269,2555
716,0.888237593,2273,2559
717,0.887890625,2273,2560
718,0.887978142,2275,2562
719,0.888065523,2277,2564
720,0.888196338,2280,2567
721,0.888239875,2281,2568
722,0.888413686,2285,2572
723,0.888716557,2292,2579
724,0.888931889,2297,2584
725,0.889017788,2299,2586
726,0.889060688,2300,2587
727,0.889189189,2303,2590
728,0.889274691,2305,2592
729,0.889360062,2307,2594
730,0.889402697,2308,2595
731,0.8894453,2309,2596
732,0.889487871,2310,2597
733,0.889530408,2311,2598
734,0.889615385,2313,2600
735,0.889700231,2315,2602
736,0.888334612,2315,2606
737,0.888463013,2318,2609
738,0.888718929,2324,2615
739,0.888761468,2325,2616
740,0.888846448,2327,2618
741,0.888888889,2328,2619
742,0.888973674,2330,2621
743,0.888295844,2330,2623
744,0.888465931,2334,2627
745,0.888720091,2340,2633
746,0.888762339,2341,2634
747,0.889308651,2354,2647
748,0.889433962,2357,2650
749,0.889600603,2361,2654
750,0.889642185,2362,2655
751,0.889849624,2367,2660
752,0.888513514,2367,2664
753,0.888555347,2368,2665
754,0.888764045,2373,2670
755,0.889054912,2380,2677
756,0.889137738,2382,2679
757,0.889261745,2385,2682
758,0.889344262,2387,2684
759,0.889385475,2388,2685
760,0.889426657,2389,2686
761,0.889467808,2390,2687
762,0.889591078,2393,2690
763,0.889260498,2393,2691
764,0.88934274,2395,2693
765,0.889383816,2396,2694
766,0.889465875,2398,2696
767,0.889752127,2405,2703
768,0.889792899,2406,2704
769,0.889833641,2407,2705
770,0.889915035,2409,2707
771,0.890077462,2413,2711
772,0.890400883,2421,2719
773,0.890441176,2422,2720
774,0.890521675,2424,2722
775,0.890682318,2428,2726
776,0.890802492,2431,2729
777,0.890842491,2432,2730
778,0.890962312,2435,2733
779,0.891042048,2437,2735
780,0.890716374,2437,2736
781,0.890390939,2437,2737
782,0.890550894,2441,2741
783,0.890750182,2446,2746
784,0.890829694,2448,2748
785,0.891146589,2456,2756
786,0.891225526,2458,2758
787,0.88993483,2458,2762
788,0.89005425,2461,2765
789,0.889410914,2461,2767
790,0.889450867,2462,2768
791,0.88961039,2466,2772
792,0.889689978,2468,2774
793,0.889967638,2475,2781
794,0.889647735,2475,2782
795,0.889766607,2478,2785
796,0.889885222,2481,2788
797,0.890003583,2484,2791
798,0.890161002,2488,2795
799,0.890239542,2490,2797
800,0.890278771,2491,2798
801,0.890435403,2495,2802
802,0.889800285,2495,2804
803,0.889957265,2499,2808
804,0.890074707,2502,2811
805,0.890386662,2510,2819
806,0.890464374,2512,2821
807,0.890619469,2516,2825
808,0.890812721,2521,2830
809,0.890851289,2522,2831
810,0.889908257,2522,2834
811,0.890063425,2526,2838
812,0.889749912,2526,2839
813,0.888810697,2526,2842
814,0.888927944,2529,2845
815,0.889005971,2531,2847
816,0.889083889,2533,2849
817,0.889278206,2538,2854
818,0.888966725,2538,2855
819,0.889083275,2541,2858
820,0.889276982,2546,2863
821,0.889315642,2547,2864
822,0.889662374,2556,2873
823,0.88973913,2558,2875
824,0.888502952,2558,2879
825,0.888619015,2561,2882
826,0.888310787,2561,2883
827,0.887694974,2561,2885
828,0.887080014,2561,2887
829,0.88615917,2561,2890
830,0.886316517,2565,2894
831,0.886355786,2566,2895
832,0.886590831,2572,2901
833,0.886668963,2574,2903
834,0.886746988,2576,2905
835,0.885527673,2576,2909
836,0.884615385,2576,2912
837,0.884694578,2578,2914
838,0.885049607,2587,2923
839,0.885167464,2590,2926
840,0.885324232,2594,2930
841,0.884418684,2594,2933
842,0.884576098,2598,2937
843,0.884733084,2602,2941
844,0.884850543,2605,2944
845,0.884889643,2606,2945
846,0.885006784,2609,2948
847,0.885084746,2611,2950
848,0.885240352,2615,2954
849,0.885279188,2616,2955
850,0.885317997,2617,2956
851,0.885472973,2621,2960
852,0.885511651,2622,2961
853,0.88562753,2625,2964
854,0.885704653,2627,2966
855,0.885897004,2632,2971
856,0.885935397,2633,2972
857,0.886012105,2635,2974
858,0.886241611,2641,2980
859,0.886279772,2642,2981
860,0.88538874,2642,2984
861,0.884795713,2642,2986
862,0.884834282,2643,2987
863,0.884872825,2644,2988
864,0.884576782,2644,2989
865,0.884653962,2646,2991
866,0.884961654,2654,2999
867,0.885038321,2656,3001
868,0.884154461,2656,3004
869,0.884193012,2657,3005
870,0.884231537,2658,3006
871,0.884308511,2660,3008
872,0.883427433,2660,3011
873,0.883466135,2661,3012
874,0.883543464,2663,3014
875,0.88358209,2664,3015
876,0.88362069,2665,3016
877,0.883966942,2674,3025
878,0.884005288,2675,3026
879,0.882838284,2675,3030
880,0.881383855,2675,3035
881,0.881461969,2677,3037
882,0.881617889,2681,3041
883,0.881773399,2685,3045
884,0.880905512,2685,3048
885,0.881061599,2689,3052
886,0.881100557,2690,3053
887,0.881139489,2691,3054
888,0.881294964,2695,3058
889,0.881450033,2699,3062
890,0.881488737,2700,3063
891,0.881527415,2701,3064
892,0.881604697,2703,3066
893,0.8816433,2704,3067
894,0.881068752,2704,3069
895,0.881107492,2705,3070
896,0.881146206,2706,3071
897,0.88122356,2708,3073
898,0.881300813,2710,3075
899,0.881608823,2718,3083
900,0.881723914,2721,3086
901,0.88143829,2721,3087
902,0.881515053,2723,3089
903,0.881668283,2727,3093
904,0.881383323,2727,3094
905,0.881421648,2728,3095
906,0.881536475,2731,3098
907,0.880967742,2731,3100
908,0.881121134,2735,3104
909,0.88115942,2736,3105
910,0.881312319,2740,3109
911,0.881426735,2743,3112
912,0.881654907,2749,3118
913,0.881730769,2751,3120
914,0.881806534,2753,3122
915,0.88184438,2754,3123
916,0.8815621,2754,3124
917,0.881637876,2756,3126
918,0.881751358,2759,3129
919,0.881826892,2761,3131
920,0.882052917,2767,3137
921,0.882240611,2772,3142
922,0.882278078,2773,3143
923,0.881717011,2773,3145
924,0.881754609,2774,3146
925,0.881829733,2776,3148
926,0.881867259,2777,3149
927,0.881904762,2778,3150
928,0.881942241,2779,3151
929,0.88138281,2779,3153
930,0.881458003,2781,3155
931,0.881495564,2782,3156
932,0.881608104,2785,3159
933,0.880771664,2785,3162
934,0.880809358,2786,3163
935,0.880997475,2791,3168
936,0.881072555,2793,3170
937,0.881222432,2797,3174
938,0.88148381,2804,3181
939,0.88092994,2804,3183
940,0.881042059,2807,3186
941,0.881153967,2810,3189
942,0.881228455,2812,3191
943,0.881265664,2813,3192
944,0.881377152,2816,3195
945,0.881451361,2818,3197
946,0.8815625,2821,3200
947,0.8815995,2822,3201
948,0.881324172,2822,3202
949,0.88049922,2822,3205
950,0.880610973,2825,3208
951,0.880685358,2827,3210
952,0.880870918,2832,3215
953,0.880597015,2832,3216
954,0.880671224,2834,3218
955,0.880708295,2835,3219
956,0.880745342,2836,3220
957,0.880819367,2838,3222
958,0.881114551,2846,3230
959,0.881151346,2847,3231
960,0.881188119,2848,3232
961,0.8812983,2851,3235
962,0.88137164,2853,3237
963,0.881554596,2858,3242
964,0.88162762,2860,3244
965,0.881664099,2861,3245
966,0.881846154,2866,3250
967,0.88202765,2871,3255
968,0.88213628,2874,3258
969,0.881865603,2874,3259
970,0.88201042,2878,3263
971,0.882082695,2880,3265
972,0.880733945,2880,3270
973,0.880843263,2883,3273
974,0.880952381,2886,3276
975,0.881097561,2890,3280
976,0.881386861,2898,3288
977,0.881494986,2901,3291
978,0.881602914,2904,3294
979,0.881638847,2905,3295
980,0.881746513,2908,3298
981,0.881818182,2910,3300
982,0.881925522,2913,3303
983,0.881961259,2914,3304
984,0.881996974,2915,3305
985,0.88210399,2918,3308
986,0.882139619,2919,3309
987,0.882175227,2920,3310
988,0.882317441,2924,3314
989,0.882459313,2928,3318
990,0.882494727,2929,3319
991,0.88253012,2930,3320
992,0.882636172,2933,3323
993,0.882742032,2936,3326
994,0.8828125,2938,3328
995,0.882847702,2939,3329
996,0.882052821,2939,3332
997,0.882123575,2941,3334
998,0.881594724,2941,3336
999,0.881701108,2944,3339
1000,0.881173301,2944,3341
1001,0.881208857,2945,3342
1002,0.880945259,2945,3343
1003,0.881016442,2947,3345
1004,0.880489991,2947,3347
1005,0.880597015,2950,3350
1006,0.880703847,2953,3353
1007,0.880810489,2956,3356
1008,0.8810232,2962,3362
1009,0.881058579,2963,3363
1010,0.881270407,2969,3369
1011,0.881376038,2972,3372
1012,0.881114735,2972,3373
1013,0.88114997,2973,3374
1014,0.880888889,2973,3375
1015,0.881100266,2979,3381
1016,0.881170559,2981,3383
1017,0.881275842,2984,3386
1018,0.881345927,2986,3388
1019,0.881415929,2988,3390
1020,0.881156001,2988,3391
1021,0.881330978,2993,3396
1022,0.880035284,2993,3401
1023,0.880105789,2995,3403
1024,0.880211392,2998,3406
1025,0.88042204,3004,3412
1026,0.880492091,3006,3414
1027,0.879976581,3006,3416
1028,0.880396733,3018,3428
1029,0.880466472,3020,3430
1030,0.880640466,3025,3435
1031,0.880709921,3027,3437
1032,0.880848591,3031,3441
1033,0.881021474,3036,3446
1034,0.881055991,3037,3447
1035,0.88115942,3040,3450
1036,0.881297047,3044,3454
1037,0.881365741,3046,3456
1038,0.880092459,3046,3461
1039,0.880127094,3047,3462
1040,0.880299971,3052,3467
1041,0.880334487,3053,3468
1042,0.880368982,3054,3469
1043,0.880403458,3055,3470
1044,0.88057554,3060,3475
1045,0.880644234,3062,3477
1046,0.880747126,3065,3480
1047,0.880849842,3068,3483
1048,0.880918221,3070,3485
1049,0.881054743,3074,3489
1050,0.881122887,3076,3491
1051,0.881258941,3080,3495
1052,0.881292906,3081,3496
1053,0.881360778,3083,3498
1054,0.881394684,3084,3499
1055,0.881142857,3084,3500
1056,0.879885877,3084,3505
1057,0.880227596,3094,3515
1058,0.880295707,3096,3517
1059,0.879795396,3096,3519
1060,0.879863675,3098,3521
1061,0.879114642,3098,3524
1062,0.878615995,3098,3526
1063,0.878684807,3100,3528
1064,0.878719184,3101,3529
1065,0.878822197,3104,3532
1066,0.878856496,3105,3533
1067,0.878925035,3107,3535
1068,0.878959276,3108,3536
1069,0.879130189,3113,3541
1070,0.879164314,3114,3542
1071,0.878172589,3114,3546
1072,0.878275571,3117,3549
1073,0.87844682,3122,3554
1074,0.878515186,3124,3556
1075,0.878583474,3126,3558
1076,0.877104377,3126,3564
1077,0.877173303,3128,3566
1078,0.877276548,3131,3569
1079,0.877379619,3134,3572
1080,0.877413938,3135,3573
1081,0.877448237,3136,3574
1082,0.876222408,3136,3579
1083,0.876291539,3138,3581
1084,0.876326075,3139,3582
1085,0.876395089,3141,3584
1086,0.876150628,3141,3585
1087,0.876254181,3144,3588
1088,0.87632312,3146,3590
1089,0.876391982,3148,3592
1090,0.876426385,3149,3593
1091,0.876460768,3150,3594
1092,0.876495132,3151,3595
1093,0.87659811,3154,3598
1094,0.876632398,3155,3599
1095,0.876666667,3156,3600
1096,0.876769359,3159,3603
1097,0.876837725,3161,3605
1098,0.876940133,3164,3608
1099,0.876974231,3165,3609
1100,0.877144438,3170,3614
1101,0.877178423,3171,3615
1102,0.877280265,3174,3618
1103,0.877348066,3176,3620
1104,0.877415792,3178,3622
1105,0.877483444,3180,3624
1106,0.877786953,3189,3633
1107,0.877887789,3192,3636
1108,0.877646412,3192,3637
1109,0.877405168,3192,3638
1110,0.877438857,3193,3639
1111,0.87750618,3195,3641
1112,0.877539813,3196,3642
1113,0.877607025,3198,3644
1114,0.877366255,3198,3645
1115,0.87739989,3199,3646
1116,0.877433507,3200,3647
1117,0.877500685,3202,3649
1118,0.877601314,3205,3652
1119,0.877361073,3205,3653
1120,0.877428181,3207,3655
1121,0.877528704,3210,3658
1122,0.877562175,3211,3659
1123,0.877595628,3212,3660
1124,0.877829288,3219,3667
1125,0.877929155,3222,3670
1126,0.878028859,3225,3673
1127,0.877073701,3225,3677
1128,0.877140527,3227,3679
1129,0.877173913,3228,3680
1130,0.877307275,3232,3684
1131,0.876355748,3232,3688
1132,0.876389265,3233,3689
1133,0.876523152,3237,3693
1134,0.876589986,3239,3695
1135,0.876656749,3241,3697
1136,0.876723439,3243,3699
1137,0.876989479,3251,3707
1138,0.87705581,3253,3709
1139,0.87712207,3255,3711
1140,0.877254374,3259,3715
1141,0.87732042,3261,3717
1142,0.877386394,3263,3719
1143,0.877485223,3266,3722
1144,0.877616747,3270,3726
1145,0.877381272,3270,3727
1146,0.877479893,3273,3730
1147,0.877545552,3275,3732
1148,0.877611141,3277,3734
1149,0.87767666,3279,3736
1150,0.877774806,3282,3739
1151,0.877807487,3283,3740
1152,0.877872795,3285,3742
1153,0.877938034,3287,3744
1154,0.878035762,3290,3747
1155,0.878100827,3292,3749
1156,0.878230749,3296,3753
1157,0.878295606,3298,3755
1158,0.878328009,3299,3756
1159,0.878360394,3300,3757
1160,0.878457447,3303,3760
1161,0.878489763,3304,3761
1162,0.878522063,3305,3762
1163,0.87858661,3307,3764
1164,0.878353254,3307,3765
1165,0.878611185,3315,3773
1166,0.878675497,3317,3775
1167,0.878739741,3319,3777
1168,0.878835979,3322,3780
1169,0.878868024,3323,3781
1170,0.878932064,3325,3783
1171,0.878996037,3327,3785
1172,0.879027998,3328,3786
1173,0.879091869,3330,3788
1174,0.879155673,3332,3790
1175,0.879219409,3334,3792
1176,0.87875593,3334,3794
1177,0.87829294,3334,3796
1178,0.87838905,3337,3799
1179,0.878580815,3343,3805
1180,0.878644602,3345,3807
1181,0.878708322,3347,3809
1182,0.878771976,3349,3811
1183,0.878803778,3350,3812
1184,0.878962536,3355,3817
1185,0.879089244,3359,3821
1186,0.879120879,3360,3822
1187,0.879152498,3361,3823
1188,0.879215686,3363,3825
1189,0.879278808,3365,3827
1190,0.879404855,3369,3831
1191,0.879436326,3370,3832
1192,0.87874837,3370,3835
1193,0.878290331,3370,3837
1194,0.878448725,3375,3842
1195,0.878575143,3379,3846
1196,0.878606707,3380,3847
1197,0.878732797,3384,3851
1198,0.878921442,3390,3857
1199,0.878952825,3391,3858
1200,0.879015544,3393,3860
1201,0.879140787,3397,3864
1202,0.879203311,3399,3866
1203,0.879296976,3402,3869
1204,0.879328165,3403,3870
1205,0.879390496,3405,3872
1206,0.879452762,3407,3874
1207,0.879514964,3409,3876
1208,0.879608146,3412,3879
1209,0.879701185,3415,3882
1210,0.879474633,3415,3883
1211,0.879505664,3416,3884
1212,0.879567679,3418,3886
1213,0.879784228,3425,3893
1214,0.87993843,3430,3898
1215,0.879969223,3431,3899
1216,0.880030761,3433,3901
1217,0.880092237,3435,3903
1218,0.880122951,3436,3904
1219,0.879447146,3436,3907
1220,0.879477994,3437,3908
1221,0.878803375,3437,3911
1222,0.878927203,3441,3915
1223,0.879050778,3445,3919
1224,0.879081633,3446,3920
1225,0.879143294,3448,3922
1226,0.879204893,3450,3924
1227,0.879297173,3453,3927
1228,0.87884958,3453,3929
1229,0.879003559,3458,3934
1230,0.879218472,3465,3941
1231,0.878772508,3465,3943
1232,0.878864673,3468,3946
1233,0.878956698,3471,3949
1234,0.878987342,3472,3950
1235,0.879048583,3474,3952
1236,0.87907918,3475,3953
1237,0.87917088,3478,3956
1238,0.879292929,3482,3960
1239,0.879323403,3483,3961
1240,0.878436318,3483,3965
1241,0.878466969,3484,3966
1242,0.878245526,3484,3967
1243,0.87827621,3485,3968
1244,0.878337531,3487,3970
1245,0.878368169,3488,3971
1246,0.87845999,3491,3974
1247,0.878521127,3493,3976
1248,0.878551672,3494,3977
1249,0.878795483,3502,3985
1250,0.879008016,3509,3992
1251,0.879068603,3511,3994
1252,0.879129129,3513,3996
1253,0.878469617,3513,3999
1254,0.878591057,3517,4003
1255,0.878621379,3518,4004
1256,0.878651685,3519,4005
1257,0.878712254,3521,4007
1258,0.878742515,3522,4008
1259,0.878772761,3523,4009
1260,0.878802993,3524,4010
1261,0.878146025,3524,4013
1262,0.878176383,3525,4014
1263,0.878237052,3527,4016
1264,0.878297661,3529,4018
1265,0.878358209,3531,4020
1266,0.878448919,3534,4023
1267,0.878479125,3535,4024
1268,0.878569655,3538,4027
1269,0.87866005,3541,4030
1270,0.878690151,3542,4031
1271,0.878840436,3547,4036
1272,0.877970297,3547,4040
1273,0.878090999,3551,4044
1274,0.878181369,3554,4047
1275,0.878241541,3556,4049
1276,0.878301654,3558,4051
1277,0.878391712,3561,4054
1278,0.878511582,3565,4058
1279,0.878571429,3567,4060
1280,0.87860133,3568,4061
1281,0.878750615,3573,4066
1282,0.878810226,3575,4068
1283,0.878869779,3577,4070
1284,0.878899533,3578,4071
1285,0.87803681,3578,4075
1286,0.878066732,3579,4076
1287,0.87809664,3580,4077
1288,0.877881314,3580,4078
1289,0.877971086,3583,4081
1290,0.87800098,3584,4082
1291,0.878120411,3588,4086
1292,0.878269372,3593,4091
1293,0.877197266,3593,4096
1294,0.877257199,3595,4098
1295,0.877317073,3597,4100
1296,0.877436647,3601,4104
1297,0.877466504,3602,4105
1298,0.877496347,3603,4106
1299,0.877282688,3603,4107
1300,0.877342419,3605,4109
1301,0.877372263,3606,4110
1302,0.87755102,3612,4116
1303,0.877788555,3620,4124
1304,0.877818182,3621,4125
1305,0.877847794,3622,4126
1306,0.877936546,3625,4129
1307,0.878054682,3629,4133
1308,0.878113664,3631,4135
1309,0.878172589,3633,4137
1310,0.878231457,3635,4139
1311,0.878290268,3637,4141
1312,0.878319652,3638,4142
1313,0.878349022,3639,4143
1314,0.878495661,3644,4148
1315,0.878612717,3648,4152
1316,0.878641946,3649,4153
1317,0.878700361,3651,4155
1318,0.878277604,3651,4157
1319,0.878336138,3653,4159
1320,0.878482229,3658,4164
1321,0.878511405,3659,4165
1322,0.878569714,3661,4167
1323,0.878657074,3664,4170
1324,0.877815046,3664,4174
1325,0.87760479,3664,4175
1326,0.876555024,3664,4180
1327,0.876702509,3669,4185
1328,0.876790831,3672,4188
1329,0.876849642,3674,4190
1330,0.876908397,3676,4192
1331,0.876967096,3678,4194
1332,0.876967096,3678,4194
1333,0.876996424,3679,4195
1334,0.877055039,3681,4197
1335,0.877142857,3684,4200
1336,0.87723055,3687,4203
1337,0.877288942,3689,4205
1338,0.877080361,3689,4206
1339,0.87719715,3693,4210
1340,0.876780627,3693,4212
1341,0.876868327,3696,4215
1342,0.876955903,3699,4218
1343,0.877072477,3703,4222
1344,0.877159763,3706,4225
1345,0.876952201,3706,4226
1346,0.876981311,3707,4227
1347,0.877068558,3710,4230
1348,0.877155682,3713,4233
1349,0.877184695,3714,4234
1350,0.877242682,3716,4236
1351,0.877271654,3717,4237
1352,0.877416313,3722,4242
1353,0.877474081,3724,4244
1354,0.877531795,3726,4246
1355,0.877589454,3728,4248
1356,0.877618263,3729,4249
1357,0.877675841,3731,4251
1358,0.877762106,3734,4254
1359,0.877819549,3736,4256
1360,0.877407233,3736,4258
1361,0.877493546,3739,4261
1362,0.87752229,3740,4262
1363,0.877316444,3740,4263
1364,0.877402719,3743,4266
1365,0.877431451,3744,4267
1366,0.877460169,3745,4268
1367,0.877517564,3747,4270
1368,0.877574906,3749,4272
1369,0.877603557,3750,4273
1370,0.877689429,3753,4276
1371,0.877775181,3756,4279
1372,0.877832282,3758,4281
1373,0.877627277,3758,4282
1374,0.877770002,3763,4287
1375,0.877798507,3764,4288
1376,0.877883943,3767,4291
1377,0.877940834,3769,4293
1378,0.878054457,3773,4297
1379,0.877645964,3773,4299
1380,0.877674419,3774,4300
1381,0.877731288,3776,4302
1382,0.877759703,3777,4303
1383,0.877788104,3778,4304
1384,0.877901578,3782,4308
1385,0.877958237,3784,4310
1386,0.87755102,3784,4312
1387,0.877947295,3798,4326
1388,0.878003697,3800,4328
1389,0.877598152,3800,4330
1390,0.877739331,3805,4335
1391,0.877767528,3806,4336
1392,0.877823882,3808,4338
1393,0.87785204,3809,4339
1394,0.877964541,3813,4343
1395,0.878020713,3815,4345
1396,0.878104876,3818,4348
1397,0.877902966,3818,4349
1398,0.877931034,3819,4350
1399,0.878043179,3823,4354
1400,0.878099174,3825,4356
1401,0.87818307,3828,4359
1402,0.877579092,3828,4362
1403,0.877607151,3829,4363
1404,0.87766323,3831,4365
1405,0.877775235,3835,4369
1406,0.87783116,3837,4371
1407,0.877429682,3837,4373
1408,0.877541695,3841,4377
1409,0.877625571,3844,4380
1410,0.877737226,3848,4384
1411,0.877765108,3849,4385
1412,0.877564979,3849,4386
1413,0.877592888,3850,4387
1414,0.876593807,3850,4392
1415,0.876621898,3851,4393
1416,0.876422394,3851,4394
1417,0.876506709,3854,4397
1418,0.87661895,3858,4401
1419,0.876730988,3862,4405
1420,0.876842822,3866,4409
1421,0.876870748,3867,4410
1422,0.876954453,3870,4413
1423,0.876358696,3870,4416
1424,0.876470588,3874,4420
1425,0.876582278,3878,4424
1426,0.876665914,3881,4427
1427,0.876721608,3883,4429
1428,0.876523702,3883,4430
1429,0.876579422,3885,4432
1430,0.876607264,3886,4433
1431,0.876690712,3889,4436
1432,0.876295629,3889,4438
1433,0.876379194,3892,4441
1434,0.8761819,3892,4442
1435,0.876293297,3896,4446
1436,0.876348921,3898,4448
1437,0.876376714,3899,4449
1438,0.876432262,3901,4451
1439,0.8762354,3901,4452
1440,0.876290974,3903,4454
1441,0.876318743,3904,4455
1442,0.876401974,3907,4458
1443,0.876205427,3907,4459
1444,0.875812598,3907,4461
1445,0.87606264,3916,4470
1446,0.876118068,3918,4472
1447,0.876228776,3922,4476
1448,0.876256422,3923,4477
1449,0.876311677,3925,4479
1450,0.876449599,3930,4484
1451,0.876504681,3932,4486
1452,0.876559715,3934,4488
1453,0.876587213,3935,4489
1454,0.876642173,3937,4491
1455,0.876779359,3942,4496
1456,0.876834149,3944,4498
1457,0.876861525,3945,4499
1458,0.876471895,3945,4501
1459,0.876581576,3949,4505
1460,0.876663709,3952,4508
1461,0.876827647,3958,4514
1462,0.876882197,3960,4516
1463,0.87696393,3963,4519
1464,0.87699115,3964,4520
1465,0.876797169,3964,4521
1466,0.876824414,3965,4522
1467,0.876906077,3968,4525
1468,0.876712329,3968,4526
1469,0.876518666,3968,4527
1470,0.876600442,3971,4530
1471,0.876406974,3971,4531
1472,0.876434245,3972,4532
1473,0.876515987,3975,4535
1474,0.876570421,3977,4537
1475,0.87659762,3978,4538
1476,0.876760563,3984,4544
1477,0.876787679,3985,4545
1478,0.876841874,3987,4547
1479,0.875878735,3987,4552
1480,0.875905996,3988,4553
1481,0.875329236,3988,4556
1482,0.875465907,3993,4561
1483,0.875547765,3996,4564
1484,0.875602278,3998,4566
1485,0.875683957,4001,4569
1486,0.875846995,4007,4575
1487,0.875901245,4009,4577
1488,0.876009605,4013,4581
1489,0.876036665,4014,4582
1490,0.87617179,4019,4587
1491,0.876225757,4021,4589
1492,0.876252723,4022,4590
1493,0.876333551,4025,4593
1494,0.876441157,4029,4597
1495,0.87649489,4031,4599
1496,0.876629018,4036,4604
1497,0.876655809,4037,4605
1498,0.876682588,4038,4606
1499,0.876762855,4041,4609
1500,0.876869716,4045,4613
1501,0.876896402,4046,4614
1502,0.876923077,4047,4615
1503,0.8763534,4047,4618
1504,0.876460407,4051,4622
1505,0.876540541,4054,4625
1506,0.876673866,4059,4630
1507,0.876753723,4062,4633
1508,0.876860039,4066,4637
1509,0.876482,4066,4639
1510,0.876293103,4066,4640
1511,0.876346402,4068,4642
1512,0.875591907,4068,4646
1513,0.875618679,4069,4647
1514,0.875645439,4070,4648
1515,0.875672188,4071,4649
1516,0.875885763,4079,4657
1517,0.875939043,4081,4659
1518,0.876045464,4085,4663
1519,0.875482212,4085,4666
1520,0.875588865,4089,4670
1521,0.875668735,4092,4673
1522,0.875748503,4095,4676
1523,0.875775069,4096,4677
1524,0.875801625,4097,4678
1525,0.875881222,4100,4681
1526,0.87593423,4102,4683
1527,0.875960717,4103,4684
1528,0.876013658,4105,4686
1529,0.876040111,4106,4687
1530,0.876066553,4107,4688
1531,0.876119403,4109,4690
1532,0.875932637,4109,4691
1533,0.875959079,4110,4692
1534,0.876038339,4113,4695
1535,0.876064736,4114,4696
1536,0.876222884,4120,4702
1537,0.87627551,4122,4704
1538,0.876354366,4125,4707
1539,0.876433121,4128,4710
1540,0.87645935,4129,4711
1541,0.876511776,4131,4713
1542,0.876537972,4132,4714
1543,0.876564157,4133,4715
1544,0.876616494,4135,4717
1545,0.876668786,4137,4719
1546,0.876721034,4139,4721
1547,0.87685146,4144,4726
1548,0.877007608,4150,4732
1549,0.877085533,4153,4735
1550,0.87718928,4157,4739
1551,0.877266976,4160,4742
1552,0.877318718,4162,4744
1553,0.877370417,4164,4746
1554,0.87739625,4165,4747
1555,0.876104333,4165,4754
1556,0.876156434,4167,4756
1557,0.875972251,4167,4757
1558,0.875998319,4168,4758
1559,0.876076455,4171,4761
1560,0.875892482,4171,4762
1561,0.875944584,4173,4764
1562,0.875970619,4174,4765
1563,0.875996643,4175,4766
1564,0.876048658,4177,4768
1565,0.876074649,4178,4769
1566,0.874424445,4178,4778
1567,0.874450722,4179,4779
1568,0.874476987,4180,4780
1569,0.874529486,4182,4782
1570,0.874555718,4183,4783
1571,0.874660539,4187,4787
1572,0.874686717,4188,4788
1573,0.874712884,4189,4789
1574,0.87473904,4190,4790
1575,0.874791319,4192,4792
1576,0.874817442,4193,4793
1577,0.874843554,4194,4794
1578,0.874296435,4194,4797
1579,0.874427322,4199,4802
1580,0.874584027,4205,4808
1581,0.874610106,4206,4809
1582,0.874766355,4212,4815
1583,0.874896266,4217,4820
1584,0.874922215,4218,4821
1585,0.875,4221,4824
1586,0.875051803,4223,4826
1587,0.875129426,4226,4829
1588,0.875206954,4229,4832
1589,0.875258585,4231,4834
1590,0.875077559,4231,4835
1591,0.875103391,4232,4836
1592,0.875180822,4235,4839
1593,0.875,4235,4840
1594,0.875128999,4240,4845
1595,0.874948411,4240,4846
1596,0.874767898,4240,4847
1597,0.874793729,4241,4848
1598,0.87481955,4242,4849
1599,0.874871161,4244,4851
1600,0.874510612,4244,4853
1601,0.874588138,4247,4856
1602,0.874691358,4251,4860
1603,0.874742904,4253,4862
1604,0.874768661,4254,4863
1605,0.874897288,4259,4868
1606,0.874974338,4262,4871
1607,0.875025652,4264,4873
1608,0.874846122,4264,4874
1609,0.874307976,4264,4877
1610,0.87394958,4264,4879
1611,0.874052836,4268,4883
1612,0.874104401,4270,4885
1613,0.873746675,4270,4887
1614,0.873389241,4270,4889
1615,0.873210634,4270,4890
1616,0.873288371,4273,4893
1617,0.873340143,4275,4895
1618,0.873417722,4278,4898
1619,0.87344356,4279,4899
1620,0.872909017,4279,4902
1621,0.872553018,4279,4904
1622,0.872656887,4283,4908
1623,0.872760586,4287,4912
1624,0.872786485,4288,4913
1625,0.872076469,4288,4917
1626,0.872128481,4290,4919
1627,0.872336107,4298,4927
1628,0.872387908,4300,4929
1629,0.872413793,4301,4930
1630,0.872517227,4305,4934
1631,0.872594693,4308,4937
1632,0.872646285,4310,4939
1633,0.872293058,4310,4941
1634,0.87239636,4314,4945
1635,0.872499495,4318,4949
1636,0.872525253,4319,4950
1637,0.872602463,4322,4953
1638,0.872653885,4324,4955
1639,0.872705265,4326,4957
1640,0.87273094,4327,4958
1641,0.872027408,4327,4962
1642,0.872078969,4329,4964
1643,0.872181965,4333,4968
1644,0.872207688,4334,4969
1645,0.872336148,4339,4974
1646,0.8724131,4342,4977
1647,0.87248996,4345,4980
1648,0.872515559,4346,4981
1649,0.872541148,4347,4982
1650,0.872592295,4349,4984
1651,0.872643402,4351,4986
1652,0.872745491,4355,4990
1653,0.872796474,4357,4992
1654,0.872847417,4359,4994
1655,0.872923754,4362,4997
1656,0.872974595,4364,4999
1657,0.87305078,4367,5002
1658,0.872701839,4367,5004
1659,0.872752697,4369,5006
1660,0.87257839,4369,5007
1661,0.872629267,4371,5009
1662,0.872680104,4373,5011
1663,0.8727309,4375,5013
1664,0.872208931,4375,5016
1665,0.872259864,4377,5018
1666,0.872285316,4378,5019
1667,0.87238702,4382,5023
1668,0.872437811,4384,5025
1669,0.872463191,4385,5026
1670,0.872589942,4390,5031
1671,0.872615262,4391,5032
1672,0.872691162,4394,5035
1673,0.872716442,4395,5036
1674,0.872792221,4398,5039
1675,0.87284269,4400,5041
1676,0.872943508,4404,5045
1677,0.871733967,4404,5052
1678,0.871810089,4407,5055
1679,0.871860787,4409,5057
1680,0.871886121,4410,5058
1681,0.871962063,4413,5061
1682,0.872012641,4415,5063
1683,0.871840442,4415,5064
1684,0.871891038,4417,5066
1685,0.871916321,4418,5067
1686,0.871966857,4420,5069
1687,0.87199211,4421,5070
1688,0.87206781,4424,5073
1689,0.872118227,4426,5075
1690,0.871946414,4426,5076
1691,0.872022052,4429,5079
1692,0.872047244,4430,5080
1693,0.872097599,4432,5082
1694,0.872198191,4436,5086
1695,0.872298625,4440,5090
1696,0.872398901,4444,5094
1697,0.87254902,4450,5100
1698,0.872574005,4451,5101
1699,0.87223202,4451,5103
1700,0.872282076,4453,5105
1701,0.872357087,4456,5108
1702,0.872481909,4461,5113
1703,0.871799883,4461,5117
1704,0.871824932,4462,5118
1705,0.871875,4464,5120
1706,0.87190002,4465,5121
1707,0.871559633,4465,5123
1708,0.871584699,4466,5124
1709,0.871684867,4470,5128
1710,0.871734893,4472,5130
1711,0.871784879,4474,5132
1712,0.871809858,4475,5133
1713,0.871859786,4477,5135
1714,0.871909675,4479,5137
1715,0.872034228,4484,5142
1716,0.872108844,4487,5145
1717,0.872183372,4490,5148
1718,0.87223301,4492,5150
1719,0.872307394,4495,5153
1720,0.872332169,4496,5154
1721,0.872356935,4497,5155
1722,0.872455902,4501,5159
1723,0.872530027,4504,5162
1724,0.872604066,4507,5165
1725,0.872628726,4508,5166
1726,0.872727273,4512,5170
1727,0.872751886,4513,5171
1728,0.872850242,4517,5175
1729,0.872997491,4523,5181
1730,0.873021999,4524,5182
1731,0.873070988,4526,5184
1732,0.873168851,4530,5188
1733,0.873290969,4535,5193
1734,0.873315364,4536,5194
1735,0.873437199,4541,5199
1736,0.873558801,4546,5204
1737,0.873607376,4548,5206
1738,0.873439601,4548,5207
1739,0.873536749,4552,5211
1740,0.873561013,4553,5212
1741,0.873393439,4553,5213
1742,0.873441994,4555,5215
1743,0.873466258,4556,5216
1744,0.873563218,4560,5220
1745,0.873587435,4561,5221
1746,0.873635841,4563,5223
1747,0.873660031,4564,5224
1748,0.873708381,4566,5226
1749,0.873374139,4566,5228
1750,0.873495127,4571,5233
1751,0.873591751,4575,5237
1752,0.873615884,4576,5238
1753,0.87373641,4581,5243
1754,0.873760488,4582,5244
1755,0.873808616,4584,5246
1756,0.87395278,4590,5252
1757,0.874024738,4593,5255
1758,0.874048706,4594,5256
1759,0.874120555,4597,5259
1760,0.873954373,4597,5260
1761,0.873456204,4597,5263
1762,0.873552307,4601,5267
1763,0.87357631,4602,5268
1764,0.873600304,4603,5269
1765,0.873624288,4604,5270
1766,0.873696188,4607,5273
1767,0.873720137,4608,5274
1768,0.873223422,4608,5277
1769,0.873247442,4609,5278
1770,0.873319447,4612,5281
1771,0.873343431,4613,5282
1772,0.873439274,4617,5286
1773,0.873511061,4620,5289
1774,0.873582766,4623,5292
1775,0.873678248,4627,5296
1776,0.873773585,4631,5300
1777,0.873797397,4632,5301
1778,0.873868778,4635,5304
1779,0.873539389,4635,5306
1780,0.873587038,4637,5308
1781,0.873634652,4639,5310
1782,0.873658445,4640,5311
1783,0.873165224,4640,5314
1784,0.873212942,4642,5316
1785,0.873284452,4645,5319
1786,0.87333208,4647,5321
1787,0.873379673,4649,5323
1788,0.873593398,4658,5332
1789,0.873617101,4659,5333
1790,0.87366448,4661,5335
1791,0.873688156,4662,5336
1792,0.873782772,4666,5340
1793,0.873806403,4667,5341
1794,0.87385364,4669,5343
1795,0.873900842,4671,5345
1796,0.873924429,4672,5346
1797,0.873760987,4672,5347
1798,0.873784592,4673,5348
1799,0.873808188,4674,5349
1800,0.872829132,4674,5355
1801,0.87287661,4676,5357
1802,0.872947761,4679,5360
1803,0.872622156,4679,5362
1804,0.872134203,4679,5365
1805,0.872348344,4688,5374
1806,0.872419565,4691,5377
1807,0.872443287,4692,5378
1808,0.87253809,4696,5382
1809,0.872609099,4699,5385
1810,0.872750881,4705,5391
1811,0.872589021,4705,5392
1812,0.872636263,4707,5394
1813,0.872730641,4711,5398
1814,0.872777778,4713,5400
1815,0.872616182,4713,5401
1816,0.872639763,4714,5402
1817,0.872316802,4714,5404
1818,0.872155412,4714,5405
1819,0.871349353,4714,5410
1820,0.871420654,4717,5413
1821,0.871444403,4718,5414
1822,0.871539313,4722,5418
1823,0.871657754,4727,5423
1824,0.871681416,4728,5424
1825,0.871728714,4730,5426
1826,0.871799595,4733,5429
1827,0.871639042,4733,5430
1828,0.871662677,4734,5431
1829,0.871686303,4735,5432
1830,0.87173353,4737,5434
1831,0.871412804,4737,5436
1832,0.871507353,4741,5440
1833,0.871554576,4743,5442
1834,0.871578174,4744,5443
1835,0.871601763,4745,5444
1836,0.871648917,4747,5446
1837,0.871696035,4749,5448
1838,0.871790169,4753,5452
1839,0.87195457,4760,5459
1840,0.871978022,4761,5460
1841,0.872071742,4765,5464
1842,0.872095151,4766,5465
1843,0.872141943,4768,5467
1844,0.8721887,4770,5469
1845,0.872212066,4771,5470
1846,0.872258772,4773,5472
1847,0.872282112,4774,5473
1848,0.872398686,4779,5478
1849,0.872421975,4780,5479
1850,0.872262774,4780,5480
1851,0.872286079,4781,5481
1852,0.872379216,4785,5485
1853,0.872402479,4786,5486
1854,0.87244898,4788,5488
1855,0.872518667,4791,5491
1856,0.872541879,4792,5492
1857,0.872383033,4792,5493
1858,0.871906841,4792,5496
1859,0.872,4796,5500
1860,0.872046529,4798,5502
1861,0.872093023,4800,5504
1862,0.872116258,4801,5505
1863,0.872139484,4802,5506
1864,0.872185911,4804,5508
1865,0.872209112,4805,5509
1866,0.872232305,4806,5510
1867,0.872278665,4808,5512
1868,0.872324991,4810,5514
1869,0.872348141,4811,5515
1870,0.872394417,4813,5517
1871,0.87250996,4818,5522
1872,0.872556119,4820,5524
1873,0.872648336,4824,5528
1874,0.872694394,4826,5530
1875,0.872717411,4827,5531
1876,0.872740419,4828,5532
1877,0.872763419,4829,5533
1878,0.872809395,4831,5535
1879,0.872651734,4831,5536
1880,0.872697725,4833,5538
1881,0.87222523,4833,5541
1882,0.872248286,4834,5542
1883,0.872294372,4836,5544
1884,0.872340426,4838,5546
1885,0.872386446,4840,5548
1886,0.872455413,4843,5551
1887,0.872478386,4844,5552
1888,0.872616049,4850,5558
1889,0.872638964,4851,5559
1890,0.872684769,4853,5561
1891,0.872707659,4854,5562
1892,0.872753415,4856,5564
1893,0.872799138,4858,5566
1894,0.872821987,4859,5567
1895,0.87286766,4861,5569
1896,0.872981701,4866,5574
1897,0.873050027,4869,5577
1898,0.873141014,4873,5581
1899,0.873277251,4879,5587
1900,0.872808587,4879,5590
1901,0.872944961,4885,5596
1902,0.872967661,4886,5597
1903,0.873103694,4892,5603
1904,0.873126338,4893,5604
1905,0.873262032,4899,5610
1906,0.87332977,4902,5613
1907,0.873397436,4905,5616
1908,0.873442506,4907,5618
1909,0.873532551,4911,5622
1910,0.873577525,4913,5624
1911,0.8736,4914,5625
1912,0.873622467,4915,5626
1913,0.873667377,4917,5628
1914,0.873712256,4919,5630
1915,0.873734683,4920,5631
1916,0.873779514,4922,5633
1917,0.872849796,4922,5639
1918,0.87287234,4923,5640
1919,0.872894877,4924,5641
1920,0.872939926,4926,5643
1921,0.872962438,4927,5644
1922,0.873007439,4929,5646
1923,0.873029927,4930,5647
1924,0.872566372,4930,5650
1925,0.872588922,4931,5651
1926,0.872634,4933,5653
1927,0.872724059,4937,5657
1928,0.872261484,4937,5660
1929,0.872306605,4939,5662
1930,0.872329154,4940,5663
1931,0.872486772,4947,5670
1932,0.872531735,4949,5672
1933,0.872576665,4951,5674
1934,0.872688854,4956,5679
1935,0.872756072,4959,5682
1936,0.872800844,4961,5684
1937,0.872823219,4962,5685
1938,0.872845586,4963,5686
1939,0.872912638,4966,5689
1940,0.873001932,4970,5693
1941,0.873046532,4972,5695
1942,0.873091101,4974,5697
1943,0.872784699,4974,5699
1944,0.872829328,4976,5701
1945,0.872918493,4980,5705
1946,0.872963028,4982,5707
1947,0.87307423,4987,5712
1948,0.873096447,4988,5713
1949,0.873251748,4995,5720
1950,0.873273903,4996,5721
1951,0.87331819,4998,5723
1952,0.87340667,5002,5727
1953,0.87325419,5002,5728
1954,0.873342638,5006,5732
1955,0.873430962,5010,5736
1956,0.873497125,5013,5739
1957,0.873541195,5015,5741
1958,0.873629243,5019,5745
1959,0.873673221,5021,5747
1960,0.873717168,5023,5749
1961,0.873565217,5023,5750
1962,0.873587202,5024,5751
1963,0.873631149,5026,5753
1964,0.873697012,5029,5756
1965,0.873718951,5030,5757
1966,0.873784722,5033,5760
1967,0.873850425,5036,5763
1968,0.873872311,5037,5764
1969,0.87391606,5039,5766
1970,0.873959778,5041,5768
1971,0.874047124,5045,5772
1972,0.874068942,5046,5773
1973,0.874090752,5047,5774
1974,0.874177916,5051,5778
1975,0.874221453,5053,5780
1976,0.87426496,5055,5782
1977,0.874308437,5057,5784
1978,0.874351884,5059,5786
1979,0.874373596,5060,5787
1980,0.874222529,5060,5788
1981,0.874287688,5063,5791
1982,0.874331089,5065,5793
1983,0.874352779,5066,5794
1984,0.874201898,5066,5795
1985,0.874245299,5068,5797
1986,0.87428867,5070,5799
1987,0.874353671,5073,5802
1988,0.874375323,5074,5803
1989,0.874440234,5077,5806
1990,0.874461856,5078,5807
1991,0.874505078,5080,5809
1992,0.874569855,5083,5812
1993,0.874591433,5084,5813
1994,0.874656121,5087,5816
1995,0.874720742,5090,5819
1996,0.874570447,5090,5820
1997,0.874613535,5092,5822
1998,0.874678112,5095,5825
1999,0.874527978,5095,5826
2000,0.874571036,5097,5828
